Date   ,Open,High,Low,Close,Volume
20130902,2104.09,2108.68,2078.46,2098.45,149158524
20130903,2100.45,2123.85,2095.46,2123.11,138893175
20130904,2121.68,2133,2115.75,2127.62,142000386
20130905,2125.25,2127.86,2115.24,2122.43,126544104
20130906,2119.33,2143.24,2119.02,2139.99,143260660
20130909,2151.35,2218.53,2151.35,2212.52,219427086
20130910,2214.81,2238.55,2202.82,2237.98,237206649
20130911,2244.96,2258.07,2233,2241.27,244349455
20130912,2236.17,2270.27,2226.29,2255.61,209715110
20130913,2251.46,2259.42,2228.48,2236.22,171984229
20130916,2244.46,2248.47,2226.17,2231.4,154884020
20130917,2230.39,2230.93,2184.92,2185.56,154542555
20130918,2185.94,2195.9,2172.04,2191.85,115111887
20130923,2199.36,2223.07,2198.34,2221.04,133174858
20130924,2219.47,2219.54,2187.24,2207.53,160415055
20130925,2206.23,2217.97,2193.72,2198.51,160212762
20130926,2192.23,2192.23,2154.72,2155.81,140415346
20130927,2150.96,2165.78,2149.59,2160.03,105401788
20130930,2167.73,2176.3,2165.16,2174.67,92810081
20131008,2171.9,2200.02,2161.49,2198.2,126710203
20131009,2191.39,2212.35,2185.18,2211.77,130871737
20131010,2214.41,2214.59,2186.48,2190.93,149775896
20131011,2201.41,2228.87,2200.53,2228.15,156892176
20131014,2232.22,2242.98,2226.4,2237.77,165983386
20131015,2237.93,2240.25,2221.14,2233.41,153722825
20131016,2228.11,2228.11,2183.4,2193.07,154638637
20131017,2201.71,2211.03,2183.25,2188.54,126767944
20131018,2188.71,2203.29,2184.36,2193.78,103724631
20131021,2198.11,2230.28,2190.39,2229.24,136694408
20131022,2227.34,2227.34,2204.24,2210.65,149132831
20131023,2213.27,2226.85,2177.73,2183.11,146347090
20131024,2178.82,2183.41,2159.87,2164.32,103008953
20131025,2163.69,2170.61,2122.68,2132.96,113924520
20131028,2135.88,2140.96,2123.07,2133.87,88401322
20131029,2135.23,2163.66,2093.2,2128.86,143092811
20131030,2126.69,2161.94,2121.84,2160.46,119643362
20131031,2155.51,2155.51,2137.47,2141.61,108063020
20131101,2139.88,2157.31,2132.63,2149.56,89118477
20131104,2156.09,2160.58,2143.21,2149.63,76147941
20131105,2139.84,2158.15,2124.85,2157.24,91900031
20131106,2149.39,2166.17,2138.78,2139.61,100487344
20131107,2136.63,2141.6,2119.19,2129.4,81842610
20131108,2120.92,2128.58,2103.51,2106.13,83096859
20131111,2103.3,2117.28,2093.63,2109.47,69678299
20131112,2110.72,2127.94,2108.4,2126.77,79446731
20131113,2117.89,2117.91,2086.01,2087.94,88257094
20131114,2087.12,2102.38,2078.99,2100.51,83799373
20131115,2100.9,2153.21,2100.79,2135.83,125894520
20131118,2147.37,2198.32,2143.77,2197.22,157502714
20131119,2198.32,2203.3,2186.11,2193.13,125082307
20131120,2201.47,2207.11,2186.64,2206.61,118961861
20131121,2197.01,2206.53,2177.74,2205.77,137245516
20131122,2206.47,2211.07,2188.77,2196.38,113866457
20131125,2186.06,2209.15,2181.42,2186.12,108282655
20131126,2184.33,2192.58,2176.18,2183.07,100460830
20131127,2181.73,2207.62,2176.85,2201.07,115384411
20131128,2204.38,2234.39,2202.62,2219.37,134456777
20131129,2221.62,2224.94,2212.26,2220.5,106959053
20131202,2203.12,2231.92,2172.63,2207.37,174281990
20131203,2196.82,2227.92,2193.25,2222.67,113506410
20131204,2219.97,2260.87,2215.92,2251.76,157292943
20131205,2252.72,2255.26,2239.14,2247.06,122048414
20131206,2242.56,2248.15,2228.63,2237.11,103700929
20131209,2241.79,2249.17,2231.73,2238.2,93273639
20131210,2239.86,2250.5,2231.68,2237.49,109043133
20131211,2228.63,2228.63,2193.16,2204.17,109473150
20131212,2199.32,2214.55,2194.9,2202.8,86108671
20131213,2188.26,2204.64,2183.84,2196.07,85101012
20131216,2197.23,2201.7,2159.99,2160.86,101387594
20131217,2161.54,2165.54,2146.31,2151.08,78578936
20131218,2150.41,2156.59,2142.62,2148.29,64173584
20131219,2153.67,2159.14,2126.25,2127.79,73123479
20131220,2128.37,2131.74,2082.85,2084.79,86775212
20131223,2089.54,2099.52,2068.54,2089.71,68146636
20131224,2094.07,2111.81,2079.81,2092.91,70251467
20131225,2095.02,2107.23,2088.3,2106.35,65139096
20131226,2102.66,2102.66,2070.55,2073.1,78541408
20131227,2074.59,2110.36,2069.59,2101.25,76756827
20131230,2108.88,2112.01,2095.06,2097.53,74085056
20131231,2090.68,2120.27,2087.42,2115.98,80474375
20140102,2112.13,2113.11,2101.02,2109.39,68485486
20140103,2101.54,2102.17,2075.9,2083.14,84497241
20140106,2078.68,2078.68,2034.01,2045.71,89587608
20140107,2034.22,2052.28,2029.25,2047.32,63402938
20140108,2047.26,2062.95,2037.11,2044.34,71647364
20140109,2041.77,2057.2,2026.45,2027.62,75941883
20140110,2023.54,2029.3,2008.01,2013.3,75616121
20140113,2014.98,2027.18,2000.4,2009.56,66544776
20140114,2007.16,2027.43,2001.14,2026.84,70366614
20140115,2024.23,2027.41,2010.2,2023.35,67436222
20140116,2022.54,2034.71,2014.41,2023.7,72755719
20140117,2017.52,2017.87,2001.33,2004.95,67305720
20140120,2001.89,2005.94,1984.82,1991.25,56271247
20140121,1992.02,2014.15,1992.02,2008.31,59844911
20140122,2009.97,2052.34,2008.93,2051.75,98892856
20140123,2048.33,2052.53,2039.05,2042.18,84210585
20140124,2037.67,2060.99,2034.45,2054.39,92947921
20140127,2044.27,2044.85,2029.63,2033.3,88815426
20140128,2036.4,2047.13,2026.99,2038.51,72529043
20140129,2042.18,2051.58,2039.77,2049.91,73865462
20140130,2045.93,2045.93,2031.47,2033.08,62615184
20140207,2022.32,2044.73,2014.7,2044.5,73598755
20140210,2049.98,2087.97,2049.98,2086.07,124331833
20140211,2086.18,2111.06,2082.52,2103.67,142211324
20140212,2103.83,2110.9,2096.51,2109.96,126333186
20140213,2106.93,2122.83,2096.97,2098.4,146532634
20140214,2097.32,2116.19,2095.09,2115.85,111517950
20140217,2124.88,2136.45,2117.69,2135.41,140244443
20140218,2134.14,2134.14,2113.13,2119.07,142869308
20140219,2116.92,2152.96,2111.17,2142.55,151261246
20140220,2152.89,2177.98,2136.48,2138.78,157052276
20140221,2131.59,2132.7,2098.33,2113.69,117662651
20140224,2099.72,2099.72,2058.79,2076.69,123555308
20140225,2077.28,2087.62,2026.54,2034.22,140132978
20140226,2026.61,2041.63,2014.38,2041.25,110112687
20140227,2045.1,2068.31,2036.39,2047.35,132163852
20140228,2040.62,2058.49,2020.93,2056.3,111637907
20140303,2052.08,2078.33,2047.07,2075.23,127460891
20140304,2068.11,2074.02,2050.13,2071.47,115925792
20140305,2073.29,2074.81,2050.18,2053.08,107733082
20140306,2050.03,2065.79,2030.95,2059.58,109290133
20140307,2058.38,2079.49,2050.47,2057.91,103709540
20140310,2042.35,2042.63,1995.55,1999.06,115696666
20140311,1994.42,2008.07,1985.6,2001.16,92705265
20140312,1996.24,2011.06,1974.38,1997.69,101361719
20140313,2000.69,2029.12,1996.53,2019.11,100978116
20140314,2008.82,2017.91,1990.98,2004.34,87775111
20140317,2009.88,2024.37,1999.25,2023.67,86250374
20140318,2026.22,2034.92,2020.41,2025.2,96777193
20140319,2019.98,2022.18,2002.44,2021.73,95180797
20140320,2017.22,2030.85,1993,1993.48,110333048
20140321,1987.68,2052.47,1986.07,2047.62,144477656
20140324,2050.83,2074.06,2043.33,2066.28,147700085
20140325,2063.32,2079.55,2057.49,2067.31,131822232
20140326,2070.57,2074.57,2057.65,2063.67,102611116
20140327,2060.81,2073.98,2042.71,2046.59,119149374
20140328,2046.85,2060.13,2035.24,2041.71,121681965
20140331,2043.05,2048.13,2024.19,2033.31,94356536
20140401,2031,2050.68,2028.1,2047.46,83286576
20140402,2049.42,2060.78,2046.74,2058.99,102658525
20140403,2063.5,2066.01,2037.45,2043.7,108618421
20140404,2037.55,2060.1,2035.22,2058.83,83189056
20140408,2054.53,2102.45,2052.9,2098.28,133370983
20140409,2100.65,2108.75,2095.64,2105.24,105340471
20140410,2105.88,2146.67,2098.08,2134.3,156789609
20140411,2130.37,2138.65,2120.18,2130.54,131768359
20140414,2127.41,2134.43,2116.61,2131.54,102077853
20140415,2125.9,2125.9,2098.15,2101.6,107531151
20140416,2097.21,2112.05,2092.16,2105.12,89361657
20140417,2108.95,2110.72,2095.71,2098.88,89896325
20140418,2091.48,2099.64,2081.19,2097.75,88155695
20140421,2085.98,2103.08,2065.23,2065.83,96378369
20140422,2062.79,2073.66,2047.33,2072.83,98719882
20140423,2068.08,2076.35,2059.11,2067.38,78531521
20140424,2064.16,2075.76,2056.19,2057.03,78185955
20140425,2060.54,2065.64,2035.57,2036.52,93042333
20140428,2033.34,2035.99,2000.14,2003.49,89795262
20140429,2001.9,2021.68,1997.64,2020.34,76221275
20140430,2020.44,2029.54,2016.58,2026.36,74528578
20140505,2022.18,2028.96,2007.35,2027.35,79933395
20140506,2024.26,2038.7,2021.49,2028.04,74609411
20140507,2023.15,2024.63,2008.45,2010.08,74360192
20140508,2006.85,2036.94,2005.69,2015.27,77865393
20140509,2016.5,2020.45,2001.3,2011.13,76224244
20140512,2022.93,2055.51,2016.64,2052.87,115742077
20140513,2055.08,2061.06,2043.55,2050.73,97223388
20140514,2049.27,2056.57,2042.74,2047.91,72011125
20140515,2044.38,2047.32,2022.86,2024.97,75845154
20140516,2023.6,2027.76,2012.69,2026.5,66353660
20140519,2023.01,2023.27,1996.01,2005.18,65329438
20140520,2011.85,2018.16,2002.76,2008.12,61345382
20140521,2001.31,2025.19,1991.06,2024.95,61811547
20140522,2023.15,2041.96,2018.88,2021.29,74728474
20140523,2020.11,2034.57,2017.74,2034.57,63488065
20140526,2042.03,2045.38,2035.09,2041.48,70281220
20140527,2039.79,2044.15,2032.84,2034.57,67577889
20140528,2034.56,2052.66,2029.34,2050.23,81338642
20140529,2051.84,2057.08,2039.24,2040.6,81242921
20140530,2040.39,2046.96,2031.37,2039.21,75148898
20140603,2039.2,2049.58,2037.3,2038.31,71584124
20140604,2037.99,2038.48,2012.91,2024.83,72412771
20140605,2019.44,2041.7,2016.17,2040.88,67949536
20140606,2040.86,2041.57,2022.16,2029.96,66021744
20140609,2024.94,2045.26,2023.2,2030.5,64788317
20140610,2033.21,2052.77,2026.39,2052.53,79623717
20140611,2049.13,2056.63,2045.41,2054.95,74444354
20140612,2051.58,2057.1,2045.96,2051.71,81711186
20140613,2049.21,2073.6,2048.62,2070.71,97174806
20140616,2070.7,2087.32,2069.44,2085.98,95939770
20140617,2080.48,2080.48,2064.67,2066.7,87800481
20140618,2064.38,2066.91,2051.75,2055.52,87245350
20140619,2054.62,2059.25,2017.65,2023.73,92914274
20140620,2013.41,2027.15,2010.53,2026.67,67167246
20140623,2026.23,2033.32,2022.92,2024.37,70485162
20140624,2023.7,2034.71,2021.75,2033.93,71214634
20140625,2030.43,2030.62,2018.36,2025.5,67539610
20140626,2025.66,2040.75,2025.31,2038.68,80955778
20140627,2031.91,2043.98,2025.07,2036.51,97592017
20140630,2038.61,2052.34,2038.53,2048.33,96666598
20140701,2051.22,2052.63,2041.94,2050.38,98457409
20140702,2049.48,2060.6,2044.04,2059.42,109553911
20140703,2051.63,2066.64,2048.08,2063.23,122926582
20140704,2062.36,2065.08,2054.22,2059.37,105008792
20140707,2058.13,2064.04,2050.89,2059.93,97168754
20140708,2058.13,2064.43,2047.2,2064.02,95053393
20140709,2061.63,2062.47,2037.6,2038.61,113305841
20140710,2036.54,2045.53,2034.96,2038.34,97943819
20140711,2033.87,2051.74,2033,2046.96,105088083
20140714,2047.74,2067.34,2044.9,2066.65,115119740
20140715,2065.9,2070.36,2059.68,2070.36,124488768
20140716,2068.34,2075.49,2061.57,2067.28,137128020
20140717,2062.89,2062.89,2046.19,2055.59,104491812
20140718,2047.5,2067.23,2046,2059.07,106641094
20140721,2057.77,2061.82,2049.18,2054.48,93857870
20140722,2050.5,2078.08,2049.81,2075.48,123191868
20140723,2074.2,2088.19,2072.23,2078.49,137292211
20140724,2079.63,2107.95,2079.63,2105.06,165676996
20140725,2108.71,2127.22,2106.71,2126.61,142495826
20140728,2135.25,2181.5,2135.25,2177.95,236185752
20140729,2179.83,2193.52,2172.1,2183.19,200264257
20140730,2178.18,2194.57,2177.24,2181.24,184922187
20140731,2179.54,2202.13,2173.9,2201.56,164691654
20140801,2194.17,2218.79,2184.64,2185.3,191475042
20140804,2190.04,2224.07,2186.92,2223.33,174097403
20140805,2224.63,2226.84,2206.85,2219.95,175386987
20140806,2212,2223.89,2192.99,2217.46,177711707
20140807,2216.66,2220.57,2185.76,2187.67,175233274
20140808,2188.71,2199.58,2180.6,2194.42,135181443
20140811,2199.43,2225.96,2198.31,2224.65,150583421
20140812,2222.7,2222.98,2210,2221.6,154799046
20140813,2223.05,2230.99,2202.44,2222.88,178062806
20140814,2221.54,2230.89,2204.38,2206.47,170149123
20140815,2207.23,2230.87,2203.24,2226.73,149978691
20140818,2229.8,2242.04,2228.13,2239.47,163928626
20140819,2242.34,2246.02,2227.92,2245.33,177744592
20140820,2241.66,2248.94,2233.89,2240.21,167658383
20140821,2239.57,2240.08,2211.63,2230.46,165733498
20140822,2228.97,2243.3,2225.27,2240.81,160111672
20140825,2241.1,2241.55,2222.01,2229.27,162119578
20140826,2225.29,2232.78,2200.62,2207.11,163507424
20140827,2207.03,2216.67,2204.05,2209.47,120885885
20140828,2210.48,2219.47,2194.86,2195.82,124229014
20140829,2198.95,2218.7,2193.26,2217.2,105202496
20140901,2220.13,2236.29,2217.68,2235.51,129166583
20140902,2239.68,2267.51,2234.38,2266.05,192124869
20140903,2268.39,2290.55,2268.1,2288.63,212478998
20140904,2290.03,2307.7,2283.28,2306.86,199489978
20140905,2311.3,2327.56,2307.45,2326.43,213181917
20140909,2328.43,2331.92,2315.89,2326.53,196990318
20140910,2318.5,2321.91,2306.42,2318.31,189828991
20140911,2315.73,2343.59,2304.6,2311.68,222221798
20140912,2308.35,2331.95,2302.77,2331.95,193471540
20140915,2330.19,2340.45,2321.59,2339.14,215112414
20140916,2341.03,2347.94,2293.87,2296.56,302694111
20140917,2298.98,2309.05,2282.79,2307.89,210842453
20140918,2303.85,2319.88,2297.93,2315.93,189089045
20140919,2312.98,2331.56,2305.52,2329.45,174648487
20140922,2323.55,2323.55,2284.38,2289.87,175842354
20140923,2289.09,2311.53,2289.02,2309.72,156855169
20140924,2302.23,2345.75,2297.88,2343.57,222525725
20140925,2352.87,2365.15,2336.81,2345.1,225688323
20140926,2339.29,2350.11,2329.96,2347.72,174748285
20140929,2353.71,2363.06,2346.58,2357.71,200111021
20140930,2361.32,2365.49,2354.27,2363.87,193918690
20141008,2368.58,2382.79,2354.29,2382.79,204397326
20141009,2383.86,2391.35,2367.11,2389.37,235920010
20141010,2380.76,2386.28,2365.07,2374.54,224671126
20141013,2366.43,2366.86,2341.12,2366.01,200899314
20141014,2362.8,2380.52,2349.19,2359.47,196831418
20141015,2358.23,2374.81,2344.37,2373.67,202804915
20141016,2361.13,2389.67,2353.41,2356.5,248201168
20141017,2352.78,2360.6,2312.83,2341.18,212300962
20141020,2346.05,2357.51,2340.46,2356.73,160022305
20141021,2355.03,2361.65,2337.55,2339.66,168828288
20141022,2339.22,2352.12,2324.59,2326.55,152698425
20141023,2322.32,2329.93,2297.33,2302.42,162636308
20141024,2303.08,2314.87,2296.66,2302.28,132225281
20141027,2293.57,2293.64,2279.84,2290.44,130261568
20141028,2294.01,2338.28,2294.01,2337.87,178590357
20141029,2343.72,2381.64,2339.71,2373.03,265588687
20141030,2371.89,2397.26,2365.92,2391.08,294645943
20141031,2393.18,2423.6,2384.48,2420.18,325763522
20141103,2425.22,2436.79,2418.17,2430.03,298821235
20141104,2428.27,2435.22,2417.22,2430.68,309013039
20141105,2432.17,2434.36,2415.5,2419.25,263606654
20141106,2419.62,2426.89,2401.75,2425.86,222005088
20141107,2427.9,2454.42,2407.44,2418.17,291172245
20141110,2436.63,2474.16,2428.19,2473.67,300628203
20141111,2483.65,2508.62,2445.96,2469.67,411904065
20141112,2454.6,2494.92,2444.81,2494.48,252933852
20141113,2495,2507.74,2471.41,2485.61,295037058
20141114,2477.97,2481.02,2457.05,2478.82,220607619
20141117,2506.86,2508.77,2472.45,2474.01,215687800
20141118,2474.18,2477.05,2449.81,2456.37,201062570
20141119,2452.15,2461.49,2442.71,2450.99,186235771
20141120,2443.28,2458.32,2437.48,2452.66,165495213
20141121,2452.63,2488.2,2446.65,2486.79,212239774
20141124,2505.53,2546.75,2495.52,2532.88,363485835
20141125,2532,2568.38,2527.08,2567.6,314315572
20141126,2572.65,2605.07,2570.4,2604.35,337127249
20141127,2615.37,2631.4,2599.11,2630.49,364075719
20141128,2629.63,2683.18,2622.06,2682.83,465880035
20141201,2691.72,2720.74,2668.84,2680.16,446791741
20141202,2667.82,2777.37,2665.69,2763.54,437733381
20141203,2768.68,2824.18,2733.87,2779.53,562120281
20141204,2783.47,2900.51,2772.43,2899.46,532687718
20141205,2926.57,2978.03,2813.05,2937.65,640500296
20141208,2907.82,3041.66,2879.85,3020.26,587570890
20141209,2992.49,3091.32,2834.59,2856.27,771998379
20141210,2855.94,2946.71,2807.68,2940.01,512886913
20141211,2912.35,2965.67,2892.61,2925.74,482632733
20141212,2929.36,2962.51,2914.96,2938.17,409480811
20141215,2921.45,2960.23,2890.9,2953.42,400371695
20141216,2953.81,3021.9,2943.91,3021.52,453842723
20141217,3031.95,3076.6,2993.33,3061.02,542503179
20141218,3062.8,3089.79,3030.32,3057.52,435904952
20141219,3053.07,3117.53,3018.42,3108.6,521073511
20141222,3129.27,3189.87,3090.51,3127.44,679371915
20141223,3085.08,3136.84,3025.67,3032.61,437762400
20141224,3039.21,3050.51,2934.91,2972.53,376805246
20141225,2992.46,3073.35,2969.87,3072.54,376947776
20141226,3078.01,3164.16,3064.18,3157.6,460700932
20141229,3212.56,3223.86,3126.94,3168.02,510111439
20141230,3160.8,3190.3,3130.35,3165.81,397725320
20141231,3172.6,3239.36,3157.26,3234.68,405998521
20150105,3258.63,3369.28,3253.88,3350.52,531352391
20150106,3330.8,3394.22,3303.18,3351.45,501661695
20150107,3326.65,3374.9,3312.21,3373.95,391918880
20150108,3371.96,3381.57,3285.1,3293.46,371131170
20150109,3276.97,3404.83,3267.51,3285.41,410240872
20150112,3258.21,3275.19,3191.58,3229.32,322064679
20150113,3223.54,3259.39,3214.41,3235.3,230725754
20150114,3242.34,3268.48,3193.98,3222.44,240190747
20150115,3224.07,3337.08,3207.55,3336.45,282546240
20150116,3343.6,3400.32,3340.49,3376.5,339876753
20150119,3189.73,3262.21,3095.07,3116.35,401098789
20150120,3114.56,3190.25,3100.48,3173.05,357080811
20150121,3189.08,3337,3178.34,3323.61,410956024
20150122,3327.32,3352.38,3293.98,3343.34,353382961
20150123,3357.1,3406.79,3328.29,3351.76,366249240
20150126,3347.26,3384.8,3321.31,3383.18,317541007
20150127,3389.85,3390.22,3290.22,3352.96,374517551
20150128,3325.72,3354.8,3294.65,3305.74,301927095
20150129,3259,3286.79,3234.24,3262.3,274658613
20150130,3273.75,3288.5,3210.31,3210.36,258312548
20150202,3148.14,3175.13,3122.57,3128.3,250861629
20150203,3156.09,3207.94,3129.73,3204.91,248192164
20150204,3212.82,3238.98,3171.14,3174.13,249098086
20150205,3251.21,3251.21,3135.82,3136.53,306139305
20150206,3120.09,3129.54,3052.94,3075.91,246749666
20150209,3063.51,3119.03,3049.11,3095.12,206108383
20150210,3090.49,3142.1,3084.25,3141.59,193817139
20150211,3145.77,3166.42,3139.05,3157.7,172840094
20150212,3157.96,3181.77,3134.24,3173.42,194592309
20150213,3186.81,3237.16,3182.79,3203.83,261290436
20150216,3206.14,3228.85,3195.88,3222.36,223797429
20150217,3230.88,3255.73,3230.77,3246.91,228332624
20150225,3256.48,3257.22,3215.55,3228.84,233348094
20150226,3222.15,3300.62,3202.19,3298.36,301263875
20150227,3296.83,3324.55,3291.01,3310.3,299163717
20150302,3332.72,3336.76,3298.67,3336.28,346445671
20150303,3317.69,3317.69,3260.43,3263.05,382044619
20150304,3264.18,3286.59,3250.48,3279.53,293639522
20150305,3264.08,3266.64,3221.67,3248.48,320663585
20150306,3248.04,3266.93,3234.53,3241.19,282915791
20150309,3224.31,3307.7,3198.37,3302.41,321495440
20150310,3289.08,3309.92,3277.09,3286.07,285817576
20150311,3289.59,3325.05,3278.47,3290.9,282985535
20150312,3314.81,3360.05,3300.49,3349.32,357295105
20150313,3359.49,3391.25,3352.15,3372.91,328410154
20150316,3391.16,3449.3,3377.09,3449.3,399132430
20150317,3469.6,3504.12,3459.69,3502.85,520939506
20150318,3510.5,3577.66,3503.85,3577.3,545217144
20150319,3576.02,3600.68,3546.84,3582.27,537346614
20150320,3587.08,3632.34,3569.38,3617.32,516661669
20150323,3640.1,3688.25,3635.48,3687.73,536062832
20150324,3692.57,3715.87,3600.7,3691.41,639554669
20150325,3680.95,3693.15,3634.56,3660.73,521886348
20150326,3641.94,3707.32,3615.01,3682.1,488647203
20150327,3686.13,3710.48,3656.83,3691.1,408945165
20150330,3710.61,3795.93,3710.61,3786.57,564702353
20150331,3822.99,3835.57,3737.04,3747.9,561676037
20150401,3748.34,3817.08,3742.21,3810.29,447458319
20150402,3827.69,3835.45,3775.89,3825.78,479299673
20150403,3803.38,3864.4,3792.21,3863.93,473033311
20150407,3899.42,3961.67,3891.73,3961.38,570447535
20150408,3976.53,4000.22,3903.65,3994.81,618085419
20150409,4006.13,4016.4,3900.03,3957.53,585176825
20150410,3947.49,4040.35,3929.32,4034.31,484283619
20150413,4072.72,4128.07,4057.29,4121.71,589814227
20150414,4125.78,4168.35,4091.26,4135.57,610683541
20150415,4135.65,4175.49,4069.01,4084.16,613005812
20150416,4055.92,4195.31,4031.24,4194.82,551242956
20150417,4254.72,4317.22,4238.91,4287.3,701706205
20150420,4301.35,4356,4190.68,4217.08,857132807
20150421,4212.19,4294.37,4188.57,4293.62,634470627
20150422,4304.6,4400.19,4297.95,4398.49,680305086
20150423,4414.48,4444.41,4358.84,4414.51,667344661
20150424,4355.95,4416.38,4318.12,4393.69,628554996
20150427,4441.93,4529.74,4441.93,4527.4,671088521
20150428,4527.64,4572.39,4432.9,4476.21,767676416
20150429,4446.12,4499.94,4398.64,4476.62,519834202
20150430,4483.01,4507.34,4441.05,4441.66,526727975
20150504,4441.34,4487.57,4387.43,4480.46,494173398
20150505,4479.85,4488.87,4282.24,4298.71,572858596
20150506,4311.64,4376.35,4187.37,4229.27,481732993
20150507,4197.9,4213.76,4108.01,4112.21,394566653
20150508,4152.98,4206.86,4099.04,4205.92,397428094
20150511,4231.27,4334.88,4187.82,4333.58,488750515
20150512,4342.37,4402.31,4317.98,4401.22,521866408
20150513,4402.38,4415.63,4342.48,4375.76,510490475
20150514,4372.82,4397.75,4329.04,4378.31,449077935
20150515,4366.82,4366.82,4278.55,4308.69,439706198
20150518,4277.9,4324.83,4260.51,4283.49,380057452
20150519,4285.78,4418.4,4285.78,4417.55,436735224
20150520,4434.98,4520.54,4432.28,4446.29,514106223
20150521,4456.43,4530.48,4438.26,4529.42,464996520
20150522,4584.98,4658.27,4562.99,4657.6,655591287
20150525,4660.08,4814.67,4656.82,4813.8,682461391
20150526,4854.85,4911.68,4779.08,4910.9,704892829
20150527,4932.85,4958.16,4857.06,4941.71,681165379
20150528,4943.74,4986.5,4614.24,4620.27,782964592
20150529,4603.47,4698.19,4431.56,4611.74,611262409
20150601,4633.1,4829.5,4615.23,4828.74,593389035
20150602,4844.7,4911.57,4797.55,4910.53,623748099
20150603,4924.38,4942.06,4822.44,4909.98,611453839
20150604,4912.95,4947.96,4647.41,4947.1,674952402
20150605,5016.09,5051.63,4898.07,5023.1,772240812
20150608,5045.69,5146.95,4997.48,5131.88,855035085
20150609,5145.98,5147.45,5042.96,5113.53,729893818
20150610,5049.2,5164.16,5001.49,5106.04,596969001
20150611,5101.44,5122.46,5050.76,5121.59,563990522
20150612,5143.34,5178.19,5103.4,5166.35,625627854
20150615,5174.42,5176.79,5048.74,5062.99,637803984
20150616,5004.41,5029.68,4842.1,4887.43,550801407
20150617,4890.55,4983.66,4767.22,4967.9,537101168
20150618,4942.52,4966.77,4780.87,4785.36,507440899
20150619,4689.93,4744.08,4476.5,4478.36,452689626
20150623,4471.61,4577.94,4264.77,4576.49,473526128
20150624,4604.58,4691.77,4552.13,4690.15,543003709
20150625,4711.76,4720.7,4483.55,4527.78,572797533
20150626,4399.93,4456.9,4139.53,4192.87,565217874
20150629,4289.77,4297.47,3875.05,4053.03,673786349
20150630,4006.75,4279.97,3847.88,4277.22,709176633
20150701,4214.15,4317.05,4043.37,4053.7,598769427
20150702,4058.62,4080.39,3795.25,3912.77,586015612
20150703,3793.71,3927.13,3629.56,3686.92,548163111
20150706,3975.21,3975.21,3653.04,3775.91,831139286
20150707,3654.78,3750.57,3585.4,3727.12,698818688
20150708,3467.4,3599.25,3421.53,3507.19,680356922
20150709,3432.45,3748.48,3373.54,3709.33,656914612
20150710,3707.46,3959.22,3677.43,3877.8,586364255
20150713,3918.99,4030.19,3858.64,3970.39,643489007
20150714,3958.37,4035.43,3855.56,3924.49,670558799
20150715,3874.97,3914.27,3741.25,3805.7,601301324
20150716,3758.5,3877.51,3688.44,3823.18,492256200
20150717,3831.42,3994.48,3814.15,3957.35,481726268
20150720,3948.42,4021.33,3927.12,3992.11,539106714
20150721,3939.9,4041.82,3912.8,4017.67,504288028
20150722,3996.43,4042.34,3960.86,4026.04,520732225
20150723,4022.27,4132.61,4019.04,4123.92,563585966
20150724,4124.75,4184.45,4044.83,4070.91,627424860
20150727,3985.57,4051.16,3720.44,3725.56,556003247
20150728,3573.14,3762.53,3537.36,3663,563330042
20150729,3689.82,3792.07,3612.06,3789.17,434352085
20150730,3773.79,3844.37,3685.96,3705.77,457943228
20150731,3655.67,3729.51,3620.17,3663.73,350955745
20150803,3614.99,3648.94,3549.5,3622.91,363968731
20150804,3621.86,3757.03,3601.29,3756.54,362901666
20150805,3745.65,3782.35,3676.39,3694.57,366422979
20150806,3625.5,3710.57,3614.74,3661.54,274074663
20150807,3692.61,3756.74,3686.3,3744.2,340757184
20150810,3786.03,3943.62,3775.85,3928.42,497304319
20150811,3928.81,3970.34,3891.18,3927.91,538923460
20150812,3881.23,3937.77,3871.14,3886.32,442688278
20150813,3869.91,3955.79,3838.16,3954.56,430073303
20150814,3976.41,4000.68,3939.83,3965.33,467988217
20150817,3947.84,3994.54,3907.4,3993.67,460432060
20150818,3999.13,4006.34,3743.39,3748.16,543770822
20150819,3646.8,3811.43,3558.38,3794.11,475396239
20150820,3754.57,3788.01,3663.61,3664.29,390063057
20150821,3609.96,3652.84,3490.54,3507.74,369920479
20150824,3373.48,3388.36,3191.88,3209.91,334671792
20150825,3004.13,3123.03,2947.94,2964.97,352325110
20150826,2980.79,3092.04,2850.71,2927.29,466699663
20150827,2978.03,3085.42,2906.49,3083.59,400308398
20150828,3125.26,3235.84,3102.95,3232.35,443136928
20150831,3203.56,3207.86,3109.16,3205.99,397431382
20150901,3157.83,3180.33,3053.74,3166.62,432432468
20150902,3027.68,3194.48,3019.09,3160.17,438170153
20150907,3149.38,3217.58,3066.3,3080.42,296468114
20150908,3054.44,3174.71,3011.12,3170.45,255415465
20150909,3182.55,3256.74,3165.7,3243.09,375327978
20150910,3190.55,3243.28,3178.9,3197.89,273261759
20150911,3189.48,3223.76,3163.45,3200.23,224557822
20150914,3221.17,3229.48,3049.23,3114.8,346631158
20150915,3043.8,3081.7,2983.92,3005.17,249194445
20150916,2998.04,3182.93,2983.54,3152.26,277524524
20150917,3131.98,3204.7,3085.31,3086.06,317602892
20150918,3100.28,3122.05,3070.34,3097.92,209175398
20150921,3072.09,3159.88,3060.86,3156.54,239897354
20150922,3161.32,3213.48,3152.48,3185.62,274786154
20150923,3137.72,3164.04,3104.74,3115.89,236322670
20150924,3126.49,3151.16,3109.69,3142.69,212887723
20150925,3130.85,3149.95,3063,3092.35,236263871
20150928,3085.57,3103.07,3042.31,3100.76,156727530
20150929,3055.22,3068.3,3021.16,3038.14,163222673
20150930,3052.84,3073.3,3039.74,3052.78,146642449
20151008,3156.07,3172.28,3133.13,3143.36,234276050
20151009,3146.64,3192.72,3137.79,3183.15,234851445
20151012,3193.54,3318.71,3188.41,3287.66,386294715
20151013,3262.16,3298.63,3253.25,3293.23,297153133
20151014,3280.02,3307.32,3256.25,3262.44,295077739
20151015,3255.03,3338.3,3254.39,3338.07,316283851
20151016,3358.3,3393.02,3334.85,3391.35,395460575
20151019,3401.63,3423.4,3355.57,3386.7,378112183
20151020,3377.55,3425.52,3357.86,3425.33,318973758
20151021,3428.56,3447.26,3265.44,3320.68,458455428
20151022,3292.29,3373.78,3282.99,3368.74,323739341
20151023,3377.55,3422.02,3360.22,3412.43,347372854
20151026,3448.65,3457.52,3402,3429.58,365560853
20151027,3409.14,3441.57,3332.62,3434.34,328172768
20151028,3417.01,3439.76,3367.23,3375.2,293523284
20151029,3387.77,3411.71,3362.51,3387.32,235676026
20151030,3380.28,3417.2,3346.59,3382.56,243595118
20151102,3337.58,3391.06,3322.31,3325.08,230951129
20151103,3330.32,3346.27,3302.18,3316.7,192897428
20151104,3325.62,3459.65,3325.62,3459.64,339078730
20151105,3459.22,3585.66,3455.53,3522.82,553254947
20151106,3514.44,3596.38,3508.83,3590.03,429167033
20151109,3588.5,3673.76,3588.5,3646.88,503016682
20151110,3617.4,3669.53,3607.89,3640.49,429746576
20151111,3635,3654.88,3605.62,3650.25,360972651
20151112,3656.82,3659.31,3603.23,3632.9,361717600
20151113,3600.76,3632.56,3564.81,3580.84,345870933
20151116,3522.46,3607.61,3519.42,3606.96,276187057
20151117,3629.98,3678.27,3598.07,3604.8,383575468
20151118,3605.06,3617.07,3558.7,3568.47,297580734
20151119,3573.78,3618.21,3561.04,3617.06,247915576
20151120,3620.79,3640.53,3607.92,3630.5,310801972
20151123,3630.87,3654.75,3598.87,3610.31,315997474
20151124,3602.89,3616.48,3563.1,3616.11,248810524
20151125,3614.07,3648.37,3607.52,3647.93,273024857
20151126,3659.57,3668.38,3629.86,3635.55,306761582
20151127,3616.54,3621.9,3412.43,3436.3,354287525
20151130,3433.86,3470.37,3327.81,3445.4,304197903
20151201,3442.44,3483.41,3417.54,3456.31,252390755
20151202,3450.28,3538.85,3427.66,3536.91,301491480
20151203,3525.73,3591.73,3517.23,3584.82,281111255
20151204,3558.15,3568.97,3510.41,3524.99,251736411
20151207,3529.81,3543.95,3506.62,3536.93,208302579
20151208,3518.65,3518.65,3466.79,3470.07,224367310
20151209,3462.58,3495.7,3454.88,3472.44,195698845
20151210,3469.81,3503.65,3446.27,3455.5,200427517
20151211,3441.6,3455.55,3410.92,3434.58,182908878
20151214,3403.51,3521.78,3399.28,3520.67,215374620
20151215,3518.13,3529.96,3496.85,3510.35,200471341
20151216,3522.09,3538.69,3506.29,3516.19,193482310
20151217,3533.63,3583.41,3533.63,3580,283856476
20151218,3574.94,3614.7,3568.16,3578.96,273707904
20151221,3568.58,3651.06,3565.75,3642.47,299849280
20151222,3645.99,3652.63,3616.87,3651.77,261178763
20151223,3653.28,3684.57,3633.03,3636.09,298201801
20151224,3631.31,3640.22,3572.28,3612.49,227785225
20151225,3614.05,3635.26,3601.74,3627.91,198451111
20151228,3635.77,3641.59,3533.78,3533.78,269983278
20151229,3528.4,3564.17,3515.52,3563.74,182551923
20151230,3566.73,3573.68,3538.11,3572.88,187889609
20151231,3570.47,3580.6,3538.35,3539.18,176963659
20160104,3536.59,3538.69,3295.74,3296.26,184418423
20160105,3196.65,3328.14,3189.6,3287.71,266882083
20160106,3291.19,3362.97,3288.93,3361.84,238886670
20160107,3309.66,3309.66,3115.89,3125,70569123
20160108,3194.63,3235.45,3056.88,3186.41,286440822
20160111,3131.85,3166.22,3016.7,3016.7,271643691
20160112,3026.16,3047.66,2978.46,3022.86,207659622
20160113,3041.11,3059.01,2949.29,2949.6,194282106
20160114,2874.05,3012.29,2867.55,3007.65,212905644
20160115,2988.05,3001.71,2883.87,2900.97,198721697
20160118,2847.54,2945.45,2844.7,2913.84,164699694
20160119,2914.41,3012.07,2906.4,3007.74,205279703
20160120,2993.01,3016.28,2951.92,2976.69,216505474
20160121,2934.39,2998.79,2880.08,2880.48,191675668
20160122,2911.11,2931.36,2851.73,2916.56,159810734
20160125,2934.08,2955.78,2911.83,2938.51,153039057
20160126,2907.72,2911.99,2743.84,2749.79,210836054
20160127,2756.08,2768.77,2638.3,2735.56,215722046
20160128,2711.16,2740.54,2647.49,2655.66,171120280
20160129,2652.85,2755.37,2649.79,2737.6,186673106
20160201,2730.98,2735.26,2655.62,2688.85,156383744
20160202,2687.98,2755.16,2687.98,2749.57,158078211
20160203,2719.57,2746.07,2696.88,2739.25,148397217
20160204,2751.43,2793.3,2751.31,2781.02,170382018
20160205,2783.08,2790.06,2762.16,2763.49,141186284
20160215,2684.96,2760.36,2682.09,2746.2,129263932
20160216,2758.58,2840.62,2758.58,2836.57,195961614
20160217,2829.76,2868.7,2824.36,2867.34,216909925
20160218,2881.78,2893.21,2857.7,2862.89,219203873
20160219,2854.9,2872.72,2840.49,2860.02,163391413
20160222,2888.6,2933.96,2880.35,2927.18,232176042
20160223,2925.71,2928.05,2872.28,2903.33,199740663
20160224,2889.88,2929.87,2872.27,2928.9,213410384
20160225,2922.24,2922.24,2729.85,2741.25,270284416
20160226,2760.06,2784.75,2715.87,2767.21,191110472
20160229,2754.81,2755.89,2638.96,2687.98,207410709
20160301,2688.38,2747.56,2668.76,2733.17,187207443
20160302,2733.77,2852.7,2732.54,2849.68,270961783
20160303,2847.33,2878.45,2840.87,2859.76,287478210
20160304,2848.54,2880.37,2808.85,2874.15,312495169
20160307,2886.64,2911.84,2871.35,2897.34,217466836
20160308,2895.67,2902.62,2802.56,2901.39,233482661
20160309,2839.41,2863.01,2811.72,2862.56,183355383
20160310,2847.57,2863.18,2803.48,2804.73,138979461
20160311,2781.6,2815.61,2772.55,2810.31,127247554
20160314,2830.08,2889.82,2823.03,2859.5,194816030
20160315,2853.98,2865.79,2819.79,2864.37,163386667
20160316,2858.71,2881.53,2854.19,2870.43,186492535
20160317,2875.41,2921,2857.19,2904.83,200290213
20160318,2915.52,2971.55,2908.74,2955.15,313332735
20160321,2978.46,3028.32,2973.76,3018.8,352400438
20160322,3001.63,3019.1,2988.43,2999.36,270377322
20160323,2991.17,3012.56,2980.86,3009.96,216977462
20160324,2986.8,2998.15,2960.54,2960.97,237006403
20160325,2956.2,2981.41,2952.11,2979.43,175074344
20160328,2988.01,3008.17,2948.53,2957.82,202021241
20160329,2956.71,2962.2,2905.25,2919.83,182965345
20160330,2941.22,3001.11,2941.22,3000.65,210371451
20160331,3009.37,3023.41,2992.92,3003.92,220413445
20160401,2997.09,3009.67,2956.25,3009.53,206545866
20160405,3000.94,3057.33,2993.15,3053.07,256730344
20160406,3039.74,3059.79,3029,3050.59,232262051
20160407,3058.34,3062.36,3007.06,3008.42,220919506
20160408,2988.2,2996.17,2960.46,2984.96,187904633
20160411,3006.91,3048.98,3006.91,3033.96,220018324
20160412,3031.3,3036.82,3001.32,3023.65,182718668
20160413,3041.36,3097.16,3041.36,3066.64,310003246
20160414,3080.09,3086.7,3056.99,3082.36,208237830
20160415,3085.03,3089.95,3066.87,3078.12,189613051
20160418,3058.46,3058.46,3022.97,3033.66,183304512
20160419,3047.13,3054.5,3024.9,3042.82,156533200
20160420,3050.38,3055.69,2905.05,2972.58,283144219
20160421,2954.37,2990.67,2943.46,2952.89,189406849
20160422,2933.03,2960.21,2926.78,2959.24,137211668
20160425,2949.97,2954.09,2917.02,2946.67,125856243
20160426,2944.72,2965.43,2933.97,2964.7,117711604
20160427,2967.19,2976.02,2949.43,2953.67,130867640
20160428,2955.74,2959.51,2916.37,2945.59,138663274
20160429,2935.38,2950.58,2930.36,2938.32,109310628
20160503,2940.39,2993.53,2929.81,2992.64,168703643
20160504,2983.03,3004.42,2978.33,2991.27,165407106
20160505,2987.02,2999.12,2977.2,2997.84,144831383
20160506,2998.4,3003.59,2913.04,2913.25,206796498
20160509,2896.16,2896.16,2821.83,2832.11,180378330
20160510,2822.33,2845.24,2820.16,2832.59,120829310
20160511,2843.54,2857.25,2818.7,2837.04,135795466
20160512,2812.11,2839.28,2781.24,2835.86,136337655
20160513,2828.46,2850.09,2814.11,2827.11,114319710
20160516,2816.78,2851.23,2804.99,2850.86,114653592
20160517,2850.93,2860.32,2832.46,2843.68,123369064
20160518,2828.18,2828.26,2781.42,2807.51,140487826
20160519,2802.31,2829.4,2801.55,2806.91,111595071
20160520,2792.89,2825.95,2785.08,2825.48,108700899
20160523,2826.31,2848.07,2826.26,2843.65,120470455
20160524,2839.68,2839.7,2807.19,2821.67,111452445
20160525,2835.03,2843.17,2807.75,2815.09,103527265
20160526,2813.54,2827.09,2780.76,2822.44,114766797
20160527,2817.97,2832.8,2809.8,2821.05,109845823
20160530,2814.65,2830.97,2794.66,2822.45,106319589
20160531,2822.59,2917.14,2822.59,2916.62,215260341
20160601,2917.15,2929.08,2909.51,2913.51,188386421
20160602,2911.22,2925.67,2906.52,2925.23,159716916
20160603,2929.79,2945.52,2915.19,2938.68,172021023
20160606,2940.99,2945.94,2922.28,2934.1,141993742
20160607,2936.28,2938.44,2923.5,2936.04,132987867
20160608,2932.38,2937.99,2908.37,2927.16,143046071
20160613,2897.27,2911.16,2832.51,2833.07,169255434
20160614,2824.23,2843.46,2822.06,2842.19,119755274
20160615,2814.69,2894.26,2811.78,2887.21,166671069
20160616,2878.4,2887.74,2865.39,2872.82,173882767
20160617,2873.01,2900.3,2872.18,2885.11,171472517
20160620,2887.64,2891.66,2864.02,2888.81,136571051
20160621,2898.38,2919.3,2869.18,2878.56,164359089
20160622,2872.73,2905.98,2869.51,2905.55,130590424
20160623,2902.4,2904.11,2878.66,2891.96,136137375
20160624,2883.76,2899.57,2807.6,2854.29,190842609
20160627,2840.56,2895.73,2840.28,2895.7,156697472
20160628,2885.01,2913.58,2878.82,2912.56,173871047
20160629,2918.53,2934,2915.06,2931.59,193215586
20160630,2931.48,2938.14,2922.31,2929.61,154464930
20160701,2931.8,2944.99,2925.81,2932.48,141246227
20160704,2924.29,2992.5,2922.52,2988.6,222017132
20160705,2991.75,3010.27,2990.64,3006.39,235204450
20160706,2998.52,3017.65,2984.83,3017.29,212370920
20160707,3009.35,3024.11,2994.64,3016.85,222681667
20160708,3000.33,3001.55,2983.88,2988.09,168986859
20160711,2993.75,3022.94,2990.91,2994.92,224338224
20160712,2992.52,3049.68,2984.42,3049.38,259486295
20160713,3049.51,3069.05,3048.2,3060.69,253659384
20160714,3054.97,3057.05,3036.52,3054.02,180194804
20160715,3056.68,3062.68,3044.54,3054.3,172866398
20160718,3047.64,3058.32,3031.64,3043.56,177496562
20160719,3040.23,3043.6,3014.29,3036.6,155361466
20160720,3034.71,3043,3022.63,3027.9,138242815
20160721,3027.6,3053.33,3027.37,3039.01,163767370
20160722,3038.12,3039.27,3007.46,3012.82,162010181
20160725,3008.09,3027.12,3003.29,3015.83,144206582
20160726,3014.04,3050.61,3013.8,3050.17,156694506
20160727,3050.37,3057.42,2939.23,2992,280160915
20160728,2980.5,3003.36,2968.18,2994.32,190564950
20160729,2992.54,3000.05,2972.92,2979.34,150101534
20160801,2971.95,2972.88,2931.96,2953.39,147407763
20160802,2950.08,2971.28,2946.64,2971.28,115468900
20160803,2963.21,2981.16,2956.79,2978.46,141141332
20160804,2976.41,2982.86,2958.93,2982.43,133933301
20160805,2978.78,2991.68,2971.56,2976.7,141857101
20160808,2972.62,3004.72,2959.05,3004.28,155729833
20160809,3001.31,3025.91,2998.68,3025.68,169995446
20160810,3023.47,3033.2,3017.09,3018.75,164675165
20160811,3013.68,3038.05,3001.17,3002.64,161879481
20160812,3000.27,3051.05,2999.04,3050.67,168173657
20160815,3056.48,3137.48,3053.87,3125.2,297616506
20160816,3130.53,3140.44,3102.07,3110.04,278328934
20160817,3106.99,3114.25,3090.28,3109.55,213839637
20160818,3107.75,3125.58,3093.32,3104.11,229359081
20160819,3100.39,3113.34,3082.77,3108.1,194347453
20160822,3107.38,3112.74,3083.59,3084.81,185387927
20160823,3081.57,3101.11,3073.53,3089.71,161368965
20160824,3092.02,3097.15,3079.55,3085.88,145707440
20160825,3073.44,3073.44,3041.51,3068.33,174032980
20160826,3069.85,3087.65,3063.89,3070.31,149663901
20160829,3068.46,3074.94,3058.79,3070.03,144500007
20160830,3071.44,3082.99,3065.97,3074.68,140434811
20160831,3072.92,3087.7,3063.4,3085.49,141368609
20160901,3083.96,3088.7,3062.88,3063.31,155191093
20160902,3057.49,3072.53,3050.49,3067.35,150446920
20160905,3070.71,3085.49,3065.33,3072.1,144963317
20160906,3071.06,3095.51,3053.19,3090.71,172908524
20160907,3091.33,3105.68,3087.88,3091.93,186956763
20160908,3089.95,3096.78,3083.9,3095.95,145883771
20160909,3095.43,3101.79,3078.22,3078.85,160692924
20160912,3037.51,3040.95,2999.93,3021.98,206012086
20160913,3025.03,3029.72,3008.74,3023.51,135387580
20160914,3008.9,3017.94,2995.42,3002.85,133413401
20160919,3005.32,3026.65,3005.32,3026.05,119225027
20160920,3027.17,3027.82,3015.88,3023,118924117
20160921,3021.58,3032.45,3017.54,3025.87,115721213
20160922,3038.42,3054.44,3035.07,3042.31,139309554
20160923,3044.79,3046.8,3032.8,3033.9,125590976
20160926,3028.24,3028.24,2980.12,2980.43,144330286
20160927,2974.59,2998.23,2969.13,2998.17,121701450
20160928,3000.7,3000.7,2984.32,2987.86,104625697
20160929,2992.17,3009.2,2991.91,2998.48,113213919
20160930,2994.25,3009.2,2993.06,3004.7,101333562
20161010,3020.46,3048.24,3014.62,3048.14,160051104
20161011,3051.62,3066.1,3048.02,3065.25,167273496
20161012,3057.32,3060.51,3048.89,3058.5,142493577
20161013,3057.97,3065,3052.64,3061.35,154756725
20161014,3056.99,3064.79,3043.18,3063.81,155373705
20161017,3064.69,3068.81,3033.75,3041.17,163733265
20161018,3037.4,3084.19,3037.4,3083.88,182042460
20161019,3085.75,3096.22,3076.77,3084.72,182470143
20161020,3084.91,3089.68,3076.29,3084.46,160691364
20161021,3081.39,3101.85,3069.27,3090.94,187388072
20161024,3092.05,3137.03,3090.79,3128.25,240522349
20161025,3127.97,3132.5,3121.05,3131.94,203380898
20161026,3129.84,3129.84,3110.39,3116.31,191663263
20161027,3112.6,3114.76,3100.39,3112.35,158008789
20161028,3111.7,3128.64,3101.24,3104.27,181774123
20161031,3097.19,3102.3,3081.07,3100.49,151506764
20161101,3101.66,3122.61,3097.04,3122.44,160232032
20161102,3115.73,3118.98,3099.82,3102.73,182722067
20161103,3096.76,3140.93,3094.1,3128.94,222986260
20161104,3126.35,3141.33,3119.54,3125.32,197683197
20161107,3124.89,3139.2,3117.1,3133.33,179418490
20161108,3140.94,3156.88,3134.95,3147.89,190846979
20161109,3146.08,3146.95,3096.95,3128.37,241114958
20161110,3148.54,3172.31,3148.54,3171.28,244192602
20161111,3169.4,3202.74,3166.07,3196.04,310854579
20161114,3187.71,3221.46,3186.8,3210.37,329608313
20161115,3209.95,3214.29,3195.04,3206.99,240886350
20161116,3208.5,3210.89,3195.41,3205.06,221766993
20161117,3198.5,3211.05,3187.21,3208.45,214206240
20161118,3207.19,3212.39,3187.5,3192.86,209826639
20161121,3188.5,3229.76,3188.28,3218.15,230652844
20161122,3220.98,3249.68,3220.98,3248.35,261631547
20161123,3247.94,3262.88,3231.59,3241.14,249959592
20161124,3237.43,3257.86,3232.87,3241.74,232324527
20161125,3241.24,3262.44,3209.6,3261.94,233921601
20161128,3270.05,3288.34,3267.67,3277,281551253
20161129,3269.23,3301.21,3263.4,3282.92,320836287
20161130,3272.14,3277.27,3239.52,3250.03,243576053
20161201,3257.03,3279.67,3256.26,3273.31,237759864
20161202,3270.12,3279.71,3235.28,3243.84,259567205
20161205,3203.78,3219.52,3194.88,3204.71,223010394
20161206,3202.03,3215.31,3196.52,3199.65,157572693
20161207,3198.47,3222.43,3189.49,3222.24,169072847
20161208,3225.55,3228.12,3211.47,3215.37,170710173
20161209,3209.34,3244.8,3207.04,3232.88,204023956
20161212,3233.67,3245.09,3149.9,3152.97,274708461
20161213,3138.99,3162.5,3118.71,3155.04,185164495
20161214,3149.38,3170.02,3136.35,3140.53,201358887
20161215,3125.76,3138.78,3100.91,3117.68,189990626
20161216,3111.51,3128.87,3106.35,3122.98,164988699
20161219,3120.7,3125.28,3110.08,3118.08,154169716
20161220,3115.9,3117.01,3084.8,3102.88,157426759
20161221,3107.24,3140.25,3107.24,3137.43,186706607
20161222,3132.16,3143.17,3126.89,3139.56,167804990
20161223,3134.93,3138.4,3103.75,3110.15,166176769
20161226,3095.58,3122.88,3068.42,3122.57,152571881
20161227,3117.39,3127.88,3113.75,3114.66,141528939
20161228,3113.77,3118.78,3094.55,3102.24,135727087
20161229,3095.84,3111.8,3087.34,3096.1,132623292
20161230,3097.35,3108.84,3089.99,3103.64,133267130
20170103,3105.31,3136.46,3105.31,3135.92,141567187
20170104,3133.79,3160.1,3130.11,3158.79,167860850
20170105,3157.91,3168.5,3154.28,3165.41,174727645
20170106,3163.78,3172.03,3153.03,3154.32,183708966
20170109,3148.53,3173.14,3147.74,3171.24,171714075
20170110,3167.57,3174.58,3157.33,3161.67,179759216
20170111,3156.69,3167.03,3136.27,3136.75,178362221
20170112,3133.6,3144.97,3115.98,3119.29,148889240
20170113,3116.08,3130.51,3102.16,3112.76,156274214
20170116,3104.49,3105.14,3044.29,3103.43,257885996
20170117,3087.03,3108.91,3072.34,3108.77,136157861
20170118,3104.77,3123.72,3098.59,3113.01,131780128
20170119,3104.97,3115.78,3094.01,3101.3,123851420
20170120,3095.82,3125.66,3095.21,3123.14,122366777
20170123,3125.42,3145.84,3125.42,3136.77,132660392
20170124,3134.59,3149.53,3131.22,3142.55,125973881
20170125,3137.65,3151.47,3133.19,3149.55,112073827
20170126,3149.22,3163.1,3148.91,3159.17,113876772
20170203,3160.08,3162.68,3136.01,3140.17,92224736
20170206,3143.09,3158.84,3135.39,3156.98,127198283
20170207,3154.4,3159.54,3140.04,3153.09,128337442
20170208,3148.09,3167.45,3132.03,3166.98,144920187
20170209,3164.69,3186.84,3162.57,3183.18,191640327
20170210,3183.01,3205.05,3182.8,3196.7,239348913
20170213,3198.99,3219.41,3198.99,3216.84,220191508
20170214,3216.14,3219.4,3205.29,3217.93,188798088
20170215,3215.46,3236,3206.56,3212.99,241507706
20170216,3210.36,3230.28,3207.79,3229.62,216955942
20170217,3227.71,3238.4,3199.42,3202.08,226228177
20170220,3198.96,3241.46,3198.96,3239.96,232152096
20170221,3242.22,3254.34,3239.88,3253.33,211673066
20170222,3252.69,3261.38,3243.84,3261.22,207453776
20170223,3258.83,3264.08,3236.36,3251.38,209179800
20170224,3246.86,3253.96,3233.53,3253.43,186406362
20170227,3249.19,3251.65,3224.09,3228.66,182581071
20170228,3225.97,3242.68,3225.97,3241.73,151244318
20170301,3240.07,3259.98,3237.87,3246.93,190677550
20170302,3250.52,3256.81,3228.66,3230.03,181215076
20170303,3219.2,3221.16,3206.61,3218.31,157082368
20170306,3217.33,3234.66,3215.07,3233.87,156092158
20170307,3233.09,3242.66,3226.82,3242.41,164064235
20170308,3240.53,3245.3,3230.61,3240.66,160731388
20170309,3233.7,3233.88,3205.28,3216.75,167371108
20170310,3213.73,3222.32,3208.45,3212.76,136672743
20170313,3209.45,3237.12,3193.16,3237.02,163673760
20170314,3235.25,3246.33,3231.52,3239.33,146946022
20170315,3235.4,3243.71,3227.74,3241.76,144055682
20170316,3247.16,3269.77,3247.16,3268.94,189416002
20170317,3271.87,3274.19,3232.28,3237.45,200583223
20170320,3241.11,3251.13,3228.12,3250.81,170548430
20170321,3250.25,3262.22,3246.7,3261.61,162719306
20170322,3246.22,3255.78,3229.13,3245.22,189731649
20170323,3245.81,3262.09,3221.93,3248.55,193029144
20170324,3247.35,3275.21,3241.12,3269.45,219777914
20170327,3268.92,3283.24,3262.12,3266.96,201852675
20170328,3265.63,3265.63,3246.09,3252.95,161710013
20170329,3252.87,3262.1,3233.28,3241.31,216105575
20170330,3235.14,3240.02,3195.85,3210.24,247135479
20170331,3206.25,3226.25,3205.54,3222.51,196442922
20170405,3235.66,3270.65,3233.24,3270.31,248320202
20170406,3272.19,3286.67,3265.76,3281,245287999
20170407,3280.62,3295.19,3275.05,3286.62,236108942
20170410,3285.46,3285.46,3265.01,3269.39,232694616
20170411,3266.22,3290.39,3244.4,3288.97,281281248
20170412,3283.84,3284.93,3262.28,3273.83,269381790
20170413,3265.22,3281.14,3261.49,3275.96,207346875
20170414,3276.14,3276.71,3238.9,3246.07,214508558
20170417,3229.95,3229.95,3199.91,3222.17,212737189
20170418,3215.4,3225.05,3196.49,3196.71,188661353
20170419,3184.67,3189.44,3147.07,3170.69,213238075
20170420,3165.67,3178.18,3148.18,3172.1,190873985
20170421,3170.29,3180.79,3158.63,3173.15,164761740
20170424,3164.25,3164.25,3111.21,3129.53,186277434
20170425,3123.89,3145.27,3117.45,3134.57,153418307
20170426,3132.92,3152.95,3131.42,3140.85,169878107
20170427,3131.35,3155,3097.33,3152.19,211793073
20170428,3144.02,3154.73,3136.58,3154.66,162889899
20170502,3147.23,3154.78,3136.54,3143.71,154222962
20170503,3138.31,3148.29,3123.75,3135.35,163763924
20170504,3127.11,3143.82,3111.39,3127.37,177967485
20170505,3114.77,3117.61,3092.09,3103.04,176213641
20170508,3090.07,3093.45,3067.69,3078.61,180526904
20170509,3064.85,3084.21,3056.56,3080.53,135066674
20170510,3078.17,3090.82,3051.59,3052.78,160794452
20170511,3036.79,3063.56,3016.53,3061.5,191341901
20170512,3054.11,3090.49,3051.87,3083.51,159684099
20170515,3085.93,3098.91,3085.93,3090.23,135660728
20170516,3082.87,3113.51,3060.53,3112.96,173775564
20170517,3107.8,3119.58,3101.3,3104.44,168674158
20170518,3082.33,3103.44,3077.96,3090.14,148620035
20170519,3086.71,3095.48,3081.28,3090.63,129635230
20170522,3087.17,3103.94,3063.15,3075.68,153683730
20170523,3069.39,3084.24,3050.84,3061.95,178310599
20170524,3047.57,3064.81,3022.3,3064.08,139813353
20170525,3055.34,3114.66,3052.83,3107.83,191391841
20170526,3101.29,3120.66,3100.39,3110.06,155923486
20170531,3125.33,3143.28,3111.56,3117.18,152950430
20170601,3108.42,3113.52,3097.68,3102.62,163015719
20170602,3094.23,3110.39,3081.85,3105.54,142504925
20170605,3102.11,3105.51,3084.83,3091.66,132570300
20170606,3084.54,3102.86,3078.79,3102.13,113439963
20170607,3101.76,3140.77,3098.95,3140.32,173229014
20170608,3136.47,3153.26,3132.83,3150.33,152277659
20170609,3147.45,3165.92,3146.11,3158.4,160136334
20170612,3149.53,3164.95,3135.31,3139.88,146729425
20170613,3134.01,3155.99,3131.04,3153.74,128318279
20170614,3146.75,3149.17,3125.35,3130.67,138347042
20170615,3125.59,3137.59,3117.08,3132.49,146954245
20170616,3126.37,3134.25,3117.86,3123.17,129652758
20170619,3122.16,3146.77,3121.78,3144.37,134891758
20170620,3148.02,3150.46,3134.61,3140.01,141191802
20170621,3148.99,3157.03,3132.62,3156.21,136688268
20170622,3152.24,3186.98,3146.64,3147.45,191344006
20170623,3138.44,3158.05,3118.09,3157.87,154843648
20170626,3157,3187.89,3156.98,3185.44,173579211
20170627,3183.42,3193.46,3172.46,3191.2,148201198
20170628,3183.63,3193.44,3170.79,3173.2,146516720
20170629,3174.98,3188.77,3174.28,3188.06,128755470
20170630,3176.95,3193.24,3171.57,3192.43,121464543
20170703,3192,3196.29,3177.02,3195.91,140305717
20170704,3192.89,3193.06,3174.31,3182.8,141114967
20170705,3179.22,3207.31,3174.71,3207.13,148296483
20170706,3203.86,3215.95,3188.77,3212.44,175809287
20170707,3203.82,3219.52,3195.29,3217.96,176715416
20170710,3208.46,3223.34,3203.21,3212.63,198928010
20170711,3201.52,3226.91,3199.22,3203.04,187837262
20170712,3201.93,3215.2,3177.93,3197.54,186900880
20170713,3192.36,3219.27,3190.34,3218.16,195303611
20170714,3212.03,3222.98,3204.85,3222.42,160126773
20170717,3219.79,3230.35,3139.5,3176.46,266205274
20170718,3159.73,3187.67,3150.13,3187.57,190623060
20170719,3181.4,3232.94,3179.73,3230.98,272420726
20170720,3227.51,3246.24,3225.43,3244.86,232108392
20170721,3236.59,3247.71,3231.96,3237.98,206003251
20170724,3230.9,3261.1,3230.07,3250.6,233056399
20170725,3249.14,3261.65,3233.14,3243.69,205573873
20170726,3244.46,3264.85,3228.04,3247.67,213542005
20170727,3243.76,3251.93,3220.64,3249.78,228485945
20170728,3240.17,3256.37,3232.96,3253.24,182226880
20170731,3252.75,3276.95,3251.19,3273.03,246039440
20170801,3274.37,3292.64,3273.5,3292.64,237194594
20170802,3288.52,3305.43,3282.04,3285.06,266730628
20170803,3279.99,3293.37,3262.16,3272.93,233277004
20170804,3269.32,3287.19,3261.31,3262.08,275906340
20170807,3257.67,3280.1,3243.72,3279.46,231173379
20170808,3277.19,3285.48,3269.66,3281.87,252043537
20170809,3277.81,3277.94,3263.85,3275.57,235597907
20170810,3269.73,3282.52,3236.18,3261.75,240684622
20170811,3237.92,3245.12,3200.75,3208.54,262962995
20170814,3206.04,3240.05,3206.04,3237.36,190346796
20170815,3235.23,3263.59,3235.1,3251.26,182297997
20170816,3247.85,3248.78,3228.87,3246.45,176852051
20170817,3253.85,3269.14,3251.46,3268.43,203622551
20170818,3253.24,3275.08,3248.08,3268.72,191122483
20170821,3274.58,3287.52,3270.48,3286.91,186122483
20170822,3287.61,3293.48,3274.94,3290.23,186537991
20170823,3283.8,3299.46,3274.44,3287.7,179832208
20170824,3287.96,3297.99,3266.36,3271.51,163468937
20170825,3271.46,3331.91,3271.46,3331.52,205839482
20170828,3336.13,3375.03,3336.13,3362.65,257461438
20170829,3362.06,3374.59,3354.46,3365.23,219504535
20170830,3361.82,3376.65,3357.08,3363.63,246863312
20170831,3361.46,3367.36,3340.69,3360.81,234419781
20170901,3365.99,3381.93,3358.47,3367.12,282497584
20170904,3369.72,3381.4,3359.13,3379.58,267427849
20170905,3377.2,3390.82,3371.57,3384.32,216552946
20170906,3372.43,3391.01,3364.76,3385.39,229090785
20170907,3383.63,3387.8,3363.18,3365.5,221118685
20170908,3364.43,3380.89,3353.69,3365.24,198405184
20170911,3365.35,3384.81,3360.05,3376.42,219011019
20170912,3381.49,3391.07,3370.85,3379.49,272910319
20170913,3374.72,3387.14,3366.54,3384.15,194550715
20170914,3383.47,3391.64,3361.33,3371.43,221306487
20170915,3365.15,3365.53,3345.33,3353.62,219765816
20170918,3352.51,3371.75,3352.51,3362.86,190319676
20170919,3365.53,3370.4,3344.71,3356.84,191129691
20170920,3352.18,3370.1,3346.54,3366,192196661
20170921,3364.7,3377.88,3356.88,3357.81,197448695
20170922,3347.16,3356.45,3334.98,3352.53,179234007
20170925,3344.59,3350.96,3334.94,3341.55,169621293
20170926,3336.35,3347.16,3332.6,3343.58,132628595
20170927,3340.82,3349.69,3340.3,3345.27,143086945
20170928,3343.84,3344.6,3336.18,3339.64,149444300
20170929,3340.31,3357.02,3340.31,3348.94,144862443
20171009,3403.25,3410.17,3366.97,3374.38,191736057
20171010,3373.34,3384.03,3358.8,3382.99,179423841
20171011,3381.49,3395.78,3379.16,3388.28,181476704
20171012,3385.53,3390.2,3372.53,3386.1,161809380
20171013,3384.49,3395.75,3383.24,3390.52,139954764
20171016,3393.21,3400.51,3374.77,3378.47,174330620
20171017,3373.23,3382.41,3365.56,3372.04,125381725
20171018,3373.53,3383.23,3371.92,3381.79,157228791
20171019,3374.64,3378.74,3359.63,3370.17,158476495
20171020,3363.51,3379.77,3360.1,3378.65,127172851
20171023,3382.28,3385.29,3374.71,3380.7,130846289
20171024,3376.6,3388.69,3374.12,3388.25,139897511
20171025,3384.86,3398.3,3382.03,3396.9,123131222
20171026,3397.52,3414.24,3391.45,3407.57,183768625
20171027,3404.5,3421.1,3402.11,3416.81,170257173
20171030,3413.87,3419.73,3357.28,3390.34,208349286
20171031,3381,3397.1,3376.12,3393.34,153498206
20171101,3393.97,3410.35,3388.6,3395.91,180566127
20171102,3391.65,3391.65,3372.21,3383.31,166864267
20171103,3377.74,3380.57,3347.36,3371.74,172714790
20171106,3369.69,3389.38,3356.53,3388.17,154636468
20171107,3389.47,3415.15,3387.95,3413.57,190571746
20171108,3409.15,3434.49,3404.88,3415.46,185436470
20171109,3410.67,3428.77,3408.62,3427.79,158650426
20171110,3423.18,3438.79,3414.33,3432.67,189276503
20171113,3435.18,3449.16,3435.08,3447.84,205389054
20171114,3446.55,3450.49,3419.69,3429.55,196472674
20171115,3416.21,3423.75,3396.38,3402.52,168792076
20171116,3393.19,3409.65,3390.59,3399.25,156684332
20171117,3392.68,3403.29,3373.3,3382.91,249458153
20171120,3361.36,3393.11,3337.12,3392.4,176524683
20171121,3382.36,3419.8,3377.6,3410.5,196871803
20171122,3417.33,3442.18,3404.29,3430.46,213567093
20171123,3425.01,3429.42,3342.33,3351.92,215265393
20171124,3340.38,3360.75,3328.33,3353.82,159569663
20171127,3346.66,3347.05,3315.26,3322.23,166439170
20171128,3311.23,3333.8,3300.78,3333.66,138247799
20171129,3335.57,3343.06,3305.57,3337.86,183805932
20171130,3328.64,3340.92,3306.28,3317.19,156595851
20171201,3315.11,3324.52,3302.44,3317.62,139198300
20171204,3310.38,3324,3304.1,3309.62,148053288
20171205,3301.69,3315.74,3300.51,3303.68,208278862
20171206,3291.31,3296.2,3254.61,3293.97,151604452
20171207,3283.28,3291.28,3259.16,3272.05,132105900
20171208,3264.48,3297.13,3258.76,3289.99,133209314
20171211,3290.49,3322.67,3288.3,3322.2,131965984
20171212,3320.31,3320.31,3280.33,3280.81,124604827
20171213,3278.4,3304.01,3273.32,3303.04,111998647
20171214,3302.93,3309.53,3282.57,3292.44,120544235
20171215,3287.53,3287.53,3259.39,3266.14,130940618
20171218,3268.03,3280.54,3254.18,3267.92,120700389
20171219,3266.02,3296.94,3266.02,3296.54,115140134
20171220,3296.74,3300.21,3276.12,3287.61,137745118
20171221,3281.12,3309.22,3267.4,3300.06,142127927
20171222,3297.69,3307.33,3293.44,3297.06,124047326
20171225,3296.21,3312.3,3270.44,3280.46,146893635
20171226,3277.84,3307.3,3274.33,3306.12,142434501
20171227,3302.46,3307.08,3270.35,3275.78,162674890
20171228,3272.29,3304.1,3263.73,3296.38,175371670
20171229,3295.25,3308.23,3292.77,3307.17,141586836
20180102,3314.03,3349.05,3314.03,3348.33,202278860
20180103,3347.74,3379.92,3345.29,3369.11,213836149
20180104,3371,3392.83,3365.3,3385.71,206955288
20180105,3386.46,3402.07,3380.25,3391.75,213060681
20180108,3391.55,3412.73,3384.56,3409.48,236165106
20180109,3406.11,3417.23,3403.59,3413.9,191488551
20180110,3414.11,3430.21,3398.84,3421.83,209094997
20180111,3415.59,3426.48,3405.64,3425.35,173812133
20180112,3423.88,3435.42,3417.98,3428.94,174063404
20180115,3428.95,3442.5,3402.31,3410.49,232009283
20180116,3403.47,3437.58,3401.96,3436.59,211475468
20180117,3438.58,3465.2,3430.51,3444.67,261045030
20180118,3449.88,3476.55,3448.79,3474.75,220039555
20180119,3481.62,3498.43,3474.29,3487.86,247536733
20180122,3476.99,3503.39,3475.67,3501.36,217487534
20180123,3504.34,3547.22,3504.34,3546.51,238705904
20180124,3553.48,3569.49,3527.11,3559.47,252954496
20180125,3555.17,3571.48,3528.04,3548.31,243413422
20180126,3535.49,3574.9,3534.2,3558.13,222698295
20180129,3563.64,3587.03,3510.27,3523,236026965
20180130,3511.5,3523.05,3484.66,3488.01,186369975
20180131,3470.51,3495.45,3454.73,3480.83,207253403
20180201,3478.67,3495.09,3424.42,3446.98,260504707
20180202,3419.23,3463.16,3388.86,3462.08,208120551
20180205,3411.67,3487.72,3406.24,3487.5,217673754
20180206,3418.01,3440.12,3364.22,3370.65,280555477
20180207,3412.74,3425.54,3304.01,3309.26,260939714
20180208,3281.05,3307.16,3225.71,3262.05,201262499
20180209,3172.85,3180.11,3062.74,3129.85,256389176
20180212,3128.37,3168.13,3113.61,3154.13,153310831
20180213,3176.11,3219.22,3176.11,3184.96,151527597
20180214,3188.25,3203.5,3171.38,3199.16,100322827
20180222,3237.57,3269.92,3234.12,3268.56,138730445
20180223,3275.43,3294.13,3258.49,3289.02,145790368
20180226,3307.3,3335.99,3281.62,3329.57,188568602
20180227,3328.67,3328.67,3284.63,3292.07,174219368
20180228,3264.06,3277.83,3239.84,3259.41,151043536
20180301,3235.09,3280.15,3228.58,3273.76,159098320
20180302,3248.45,3269.94,3242.27,3254.53,150861063
20180305,3255.87,3269.4,3236.72,3256.93,144835988
20180306,3266.49,3290.25,3243.65,3289.64,195358046
20180307,3288.86,3308.41,3264.76,3271.67,168665019
20180308,3268.35,3289.5,3261.55,3288.41,149827519
20180309,3291.43,3309.72,3283.56,3307.17,168424509
20180312,3319.21,3333.56,3313.56,3326.7,206532436
20180313,3324.12,3333.88,3307.38,3310.24,177114353
20180314,3298.67,3304.98,3287.36,3291.38,157491085
20180315,3277.51,3297.1,3273.2,3291.11,148573606
20180316,3290.21,3300.57,3269.28,3269.88,141203647
20180319,3264.93,3280.57,3251.05,3279.25,137954980
20180320,3257.22,3292.57,3252.43,3290.64,139881081
20180321,3299.73,3314.21,3268.88,3280.95,168398277
20180322,3281.27,3288.8,3242.76,3263.48,150432977
20180323,3172.77,3188.24,3110.66,3152.76,275532013
20180326,3117.32,3134.28,3091.46,3133.72,186366350
20180327,3164.8,3172.78,3143.57,3166.65,189073383
20180328,3130.57,3165.21,3117.53,3122.29,163500488
20180329,3127.26,3174.51,3098.25,3160.53,170312384
20180330,3161.79,3177.72,3152.89,3168.9,154646596
20180402,3169.78,3192.34,3159.99,3163.18,177727777
20180403,3130.01,3144.33,3119.13,3136.63,152216674
20180404,3147.05,3163.34,3128.87,3131.11,146976682
20180409,3125.44,3146.09,3110.3,3138.29,139608621
20180410,3144.26,3190.65,3139.08,3190.32,168201359
20180411,3197.37,3220.85,3191.59,3208.08,175867197
20180412,3203.28,3205.25,3177.05,3180.16,148231313
20180413,3192.04,3197.9,3155.51,3159.05,127552310
20180416,3152.89,3153.11,3096.1,3110.65,154415695
20180417,3112.97,3118.76,3064.03,3066.8,147222846
20180418,3091.91,3096.89,3041.63,3091.4,159290503
20180419,3094.27,3127.44,3090.29,3117.38,160056805
20180420,3105.46,3111.17,3065.92,3071.54,155147091
20180423,3063.44,3085.06,3045.94,3068.01,131686340
20180424,3069.75,3136.04,3069.75,3128.93,162274806
20180425,3112.4,3122.91,3107,3117.97,127311053
20180426,3119.5,3121.93,3067.93,3075.03,133972736
20180427,3082.41,3088.03,3049.91,3082.23,131225643
20180502,3087.41,3097.6,3064.76,3081.18,134184566
20180503,3074.52,3105.66,3056.16,3100.86,139985620
20180504,3093.12,3104.09,3086.78,3091.03,118711265
20180507,3094.9,3136.84,3091.66,3136.64,138948186
20180508,3135.3,3169.7,3134.06,3161.5,146927061
20180509,3160.14,3165.37,3145.66,3159.15,122637268
20180510,3169.05,3176.14,3155.53,3174.41,133000756
20180511,3179.8,3180.76,3162.21,3163.26,130659749
20180514,3167.04,3183.82,3163.48,3174.03,129327353
20180515,3180.42,3192.81,3164.52,3192.12,124549051
20180516,3180.23,3191.95,3166.81,3169.57,130524968
20180517,3170.01,3172.77,3148.62,3154.28,113995567
20180518,3151.08,3193.45,3144.78,3193.3,136516918
20180521,3206.18,3219.74,3203.34,3213.84,164459413
20180522,3211.25,3214.59,3192.23,3214.35,144292684
20180523,3205.44,3205.44,3168.96,3168.96,157807648
20180524,3167.94,3173.53,3152.07,3154.65,124085800
20180525,3148.41,3156.73,3131.07,3141.3,128610843
20180528,3136.81,3149.66,3115.96,3135.08,128755918
20180529,3129.62,3143.21,3112.15,3120.46,135717800
20180530,3081.14,3085.4,3041,3041.44,155115126
20180531,3061.83,3098.08,3054.27,3095.47,140475532
20180601,3084.75,3102.09,3059.79,3075.14,129872199
20180604,3083.43,3098.4,3076.99,3091.19,114593902
20190902,2886.94,2928.48,2883.68,2924.11,202786807
