Date,Open,High,Low,Close,Volume
20160808,0.995,1.006,0.988,1.004,153492108
20160809,1.002,1.016,1.002,1.012,45656067
20160810,1.013,1.021,1.008,1.01,29543368
20160811,1.01,1.029,1.009,1.014,37019624
20160812,1.013,1.041,1.009,1.037,36498955
20160815,1.044,1.132,1.04,1.097,108427801
20160816,1.1,1.102,1.084,1.086,62083760
20160817,1.095,1.106,1.072,1.08,40260190
20160818,1.071,1.085,1.062,1.068,45597235
20160819,1.068,1.073,1.06,1.068,36301312
20160822,1.071,1.071,1.044,1.045,34605840
20160823,1.048,1.062,1.044,1.056,24477575
20160824,1.058,1.06,1.045,1.049,19764000
20160825,1.045,1.058,1.038,1.054,24633332
20160826,1.051,1.057,1.046,1.048,17801757
20160829,1.048,1.053,1.042,1.049,12260053
20160830,1.05,1.062,1.047,1.054,23384259
20160831,1.051,1.067,1.05,1.061,27296587
20160901,1.06,1.06,1.044,1.044,25067000
20160902,1.041,1.063,1.039,1.051,23398195
20160905,1.05,1.067,1.05,1.054,38431002
20160906,1.053,1.06,1.04,1.057,25749077
20160907,1.057,1.064,1.053,1.056,21027732
20160908,1.055,1.057,1.05,1.054,14973145
20160909,1.053,1.059,1.048,1.049,28409100
20160912,1.04,1.04,1.011,1.023,42578338
20160913,1.021,1.026,1.015,1.02,14943200
20160914,1.015,1.018,1.009,1.012,13102200
20160919,1.012,1.018,1.012,1.015,10762100
20160920,1.015,1.016,1.01,1.013,23259931
20160921,1.012,1.027,1.012,1.02,38803144
20160922,1.026,1.029,1.02,1.02,15386044
20160923,1.02,1.023,1.015,1.016,14765020
20160926,1.016,1.016,0.996,0.998,20983120
20160927,0.997,1.008,0.996,1.008,19371420
20160928,1.006,1.008,1.002,1.002,6918844
20160929,1.004,1.025,1.004,1.016,15085047
20160930,1.014,1.018,1.012,1.017,12053971
20161010,1.02,1.032,1.019,1.03,21597353
20161011,1.029,1.035,1.027,1.032,14053201
20161012,1.03,1.034,1.025,1.029,15680624
20161013,1.027,1.034,1.026,1.03,13465500
20161014,1.03,1.032,1.021,1.03,15834500
20161017,1.03,1.032,1.013,1.013,14166035
20161018,1.013,1.042,1.013,1.036,27449354
20161019,1.037,1.039,1.03,1.032,14633300
20161020,1.032,1.035,1.028,1.031,14964161
20161021,1.029,1.047,1.028,1.035,21480556
20161024,1.035,1.078,1.035,1.061,47401085
20161025,1.06,1.06,1.05,1.054,10030579
20161026,1.055,1.063,1.049,1.051,14251900
20161027,1.049,1.054,1.047,1.053,19831205
20161028,1.056,1.09,1.056,1.06,24529671
20161031,1.055,1.065,1.042,1.06,16811311
20161101,1.058,1.074,1.058,1.07,27260347
20161102,1.067,1.083,1.063,1.064,18021672
20161103,1.06,1.109,1.06,1.089,81183345
20161104,1.088,1.098,1.08,1.083,16280694
20161107,1.085,1.094,1.084,1.089,8455491
20161108,1.095,1.106,1.089,1.091,14595913
20161109,1.093,1.093,1.067,1.078,23586966
20161110,1.09,1.105,1.087,1.095,30267507
20161111,1.098,1.143,1.095,1.133,56521385
20161114,1.13,1.17,1.124,1.142,69124807
20161115,1.141,1.148,1.127,1.132,16890091
20161116,1.138,1.142,1.126,1.14,27671088
20161117,1.135,1.141,1.124,1.136,28057718
20161118,1.13,1.133,1.114,1.119,29109000
20161121,1.113,1.134,1.112,1.119,31463944
20161122,1.124,1.141,1.124,1.135,22712227
20161123,1.137,1.143,1.122,1.126,16324397
20161124,1.124,1.153,1.123,1.137,35681731
20161125,1.134,1.145,1.117,1.141,55584823
20161128,1.156,1.156,1.135,1.136,26760123
20161129,1.134,1.153,1.122,1.139,40098105
20161130,1.136,1.151,1.126,1.13,21378326
20161201,1.128,1.145,1.128,1.141,19292500
20161202,1.141,1.143,1.116,1.119,23881300
20161205,1.109,1.113,1.08,1.083,25532119
20161206,1.082,1.089,1.079,1.082,16021020
20161207,1.082,1.089,1.079,1.089,14914986
20161208,1.091,1.091,1.077,1.078,14402600
20161209,1.077,1.09,1.075,1.082,16332400
20161212,1.079,1.083,1.045,1.051,24173185
20161213,1.048,1.058,1.044,1.053,14025400
20161214,1.055,1.055,1.04,1.041,11775200
20161215,1.042,1.047,1.032,1.037,15161100
20161216,1.038,1.043,1.034,1.037,11995500
20161219,1.037,1.037,1.027,1.028,10260400
20161220,1.028,1.033,1.023,1.03,12057500
20161221,1.034,1.044,1.033,1.037,11384000
20161222,1.038,1.038,1.029,1.032,10257300
20161223,1.032,1.032,1.02,1.022,11811681
20161226,1.021,1.035,1.011,1.033,12561297
20161227,1.03,1.035,1.025,1.027,4960600
20161228,1.027,1.031,1.022,1.025,8782913
20161229,1.025,1.03,1.022,1.024,11453940
20161230,1.027,1.03,1.02,1.027,11112232
20170103,1.028,1.043,1.028,1.04,8804000
20170104,1.038,1.045,1.036,1.044,9018400
20170105,1.045,1.045,1.039,1.04,9841373
20170106,1.042,1.042,1.028,1.03,9537600
20170109,1.028,1.035,1.027,1.031,9804900
20170110,1.032,1.039,1.03,1.033,9092680
20170111,1.033,1.04,1.03,1.031,9132800
20170112,1.028,1.039,1.027,1.032,10407500
20170113,1.031,1.04,1.024,1.035,9514300
20170116,1.03,1.037,1.011,1.031,17377100
20170117,1.027,1.029,1.016,1.027,7869400
20170118,1.026,1.033,1.023,1.026,13201700
20170119,1.026,1.036,1.023,1.03,8986900
20170120,1.03,1.04,1.028,1.039,12042800
20170123,1.037,1.047,1.035,1.038,6428000
20170124,1.04,1.04,1.033,1.033,5293600
20170125,1.033,1.036,1.03,1.035,3500400
20170126,1.037,1.042,1.036,1.041,3897400
20170203,1.041,1.042,1.03,1.031,3059300
20170206,1.032,1.035,1.029,1.031,8289300
20170207,1.031,1.032,1.023,1.026,8296200
20170208,1.027,1.048,1.02,1.045,22290600
20170209,1.042,1.052,1.041,1.044,10142300
20170210,1.046,1.057,1.042,1.05,9811700
20170213,1.05,1.063,1.05,1.058,23711564
20170214,1.058,1.061,1.052,1.056,17332664
20170215,1.055,1.062,1.048,1.049,14346147
20170216,1.048,1.062,1.045,1.059,9026047
20170217,1.062,1.088,1.058,1.059,51725900
20170220,1.054,1.068,1.052,1.067,12395578
20170221,1.068,1.085,1.066,1.072,16322800
20170222,1.074,1.074,0.965,1.069,10955400
20170223,1.069,1.07,1.054,1.059,8705060
20170224,1.058,1.065,1.056,1.063,6457160
20170227,1.062,1.062,1.05,1.052,8196360
20170228,1.051,1.057,1.05,1.052,6129500
20170301,1.052,1.06,1.051,1.052,4019700
20170302,1.055,1.067,1.05,1.051,6889600
20170303,1.048,1.049,1.04,1.042,12093800
20170306,1.042,1.051,1.04,1.051,8405000
20170307,1.051,1.052,1.046,1.05,3600054
20170308,1.051,1.054,1.045,1.047,5804500
20170309,1.045,1.046,1.037,1.043,15424900
20170310,1.042,1.045,1.038,1.039,2360900
20170313,1.036,1.043,1.031,1.042,10424738
20170314,1.042,1.047,1.039,1.041,11506938
20170315,1.042,1.045,1.039,1.042,9002510
20170316,1.044,1.063,1.041,1.063,18541410
20170317,1.062,1.066,1.043,1.044,11651400
20170320,1.043,1.047,1.033,1.037,9796791
20170321,1.039,1.039,1.03,1.032,8294638
20170322,1.029,1.03,1.016,1.017,18928900
20170323,1.017,1.027,1.017,1.02,21894760
20170324,1.02,1.04,1.018,1.035,16267324
20170327,1.032,1.041,1.03,1.033,11976700
20170328,1.032,1.033,1.026,1.028,7256491
20170329,1.029,1.029,1.017,1.019,10208300
20170330,1.02,1.023,1.013,1.016,11714773
20170331,1.015,1.018,1.012,1.016,5899400
20170405,1.018,1.032,1.016,1.031,11348100
20170406,1.031,1.033,1.027,1.03,7028100
20170407,1.03,1.035,1.027,1.033,6645090
20170410,1.029,1.033,1.023,1.024,7547600
20170411,1.022,1.027,1.011,1.024,14611400
20170412,1.025,1.043,1.025,1.031,32807032
20170413,1.03,1.032,1.026,1.028,9225732
20170414,1.028,1.028,1.014,1.019,16165000
20170417,1.017,1.021,1.007,1.018,14100400
20170418,1.016,1.016,1.006,1.007,12639500
20170419,1.007,1.007,0.993,0.999,19424700
20170420,0.999,1.002,0.988,0.998,9581500
20170421,0.998,1.007,0.994,1.005,12394700
20170424,1.001,1.005,0.991,1.003,17047800
20170425,1.001,1.004,0.997,0.997,7464500
20170426,0.998,1.009,0.995,1.001,9018100
20170427,0.998,1.001,0.99,0.998,7154500
20170428,0.997,1,0.993,0.999,10986700
20170502,1,1,0.991,0.992,5633500
20170503,0.992,0.994,0.981,0.985,10591700
20170504,0.983,0.983,0.975,0.977,11202534
20170505,0.974,0.974,0.951,0.96,27122200
20170508,0.955,0.962,0.944,0.958,29703134
20170509,0.955,0.96,0.953,0.956,5937200
20170510,0.956,0.958,0.946,0.949,12044200
20170511,0.94,0.953,0.94,0.95,10704500
20170512,0.949,0.968,0.947,0.96,11711100
20170515,0.961,0.969,0.959,0.965,10736100
20170516,0.964,0.97,0.957,0.97,9032900
20170517,0.969,0.981,0.967,0.968,10691600
20170518,0.964,0.966,0.956,0.96,10634000
20170519,0.957,0.96,0.953,0.956,10748875
20170522,0.955,0.955,0.937,0.942,20705400
20170523,0.941,0.947,0.936,0.945,19316300
20170524,0.944,0.95,0.938,0.949,9816200
20170525,0.944,0.99,0.944,0.987,28820200
20170526,0.983,0.994,0.98,0.984,12475400
20170531,0.992,1.002,0.984,0.99,14981900
20170601,0.99,0.995,0.981,0.985,12728200
20170602,0.985,0.99,0.979,0.987,9047400
20170605,0.989,0.989,0.979,0.982,9509700
20170606,0.983,0.988,0.981,0.986,11108102
20170607,0.986,0.997,0.984,0.995,25625502
20170608,0.995,0.996,0.99,0.994,8283400
20170609,0.993,1.002,0.987,0.99,13039835
20170612,0.988,0.99,0.975,0.977,13048635
20170613,0.976,0.987,0.973,0.982,8250800
20170614,0.982,0.986,0.978,0.983,10739900
20170615,0.982,0.997,0.981,0.993,19534800
20170616,0.994,0.998,0.989,0.99,13469800
20170619,0.99,1.012,0.988,1.008,26941300
20170620,1.012,1.015,1.003,1.007,15660700
20170621,1.019,1.025,1.003,1.008,14550600
20170622,1.005,1.025,1.003,1.009,27716900
20170623,1.008,1.008,0.995,1.007,13877600
20170626,1.007,1.022,1.006,1.02,21751100
20170627,1.019,1.021,1.015,1.018,12004200
20170628,1.015,1.019,1.011,1.014,7183500
20170629,1.015,1.018,1.01,1.012,7827400
20170630,1.012,1.013,1.005,1.011,9423585
20170703,1.011,1.013,1.003,1.007,9655800
20170704,1.007,1.007,0.998,0.998,11147700
20170705,0.999,1.007,0.998,1.006,11676000
20170706,1.006,1.007,0.997,1.004,7588192
20170707,1.004,1.02,0.995,1.017,24333600
20170710,1.012,1.036,1.01,1.024,29924500
20170711,1.025,1.041,1.023,1.028,31392092
20170712,1.027,1.035,1.017,1.022,15485800
20170713,1.025,1.043,1.022,1.041,25957400
20170714,1.042,1.048,1.036,1.041,15187600
20170717,1.04,1.045,1.011,1.011,32292300
20170718,1.012,1.014,0.993,1.002,22143700
20170719,1.004,1.068,0.999,1.065,52039556
20170720,1.067,1.072,1.056,1.061,37384531
20170721,1.055,1.067,1.048,1.054,17616400
20170724,1.053,1.064,1.05,1.055,21291300
20170725,1.056,1.064,1.042,1.044,11489000
20170726,1.048,1.053,1.038,1.048,24356800
20170727,1.049,1.062,1.034,1.056,28539000
20170728,1.053,1.055,1.047,1.049,12214200
20170731,1.049,1.062,1.041,1.055,26306100
20170801,1.055,1.078,1.052,1.068,37215441
20170802,1.069,1.09,1.065,1.075,41099332
20170803,1.076,1.082,1.065,1.071,14635098
20170804,1.068,1.092,1.064,1.074,25849730
20170807,1.072,1.072,1.056,1.06,23196200
20170808,1.06,1.072,1.051,1.064,35754100
20170809,1.062,1.062,1.049,1.052,24312800
20170810,1.051,1.063,1.042,1.054,32058600
20170811,1.044,1.046,1.021,1.025,37630800
20170814,1.024,1.044,1.023,1.042,22654900
20170815,1.039,1.046,1.034,1.038,12165400
20170816,1.036,1.044,1.032,1.039,10812500
20170817,1.039,1.048,1.036,1.048,24834300
20170818,1.042,1.046,1.036,1.039,21645900
20170821,1.037,1.044,1.037,1.042,12570641
20170822,1.044,1.05,1.037,1.042,21469400
20170823,1.043,1.062,1.04,1.05,45769900
20170824,1.05,1.052,1.035,1.036,24539541
20170825,1.034,1.067,1.034,1.065,65606500
20170828,1.068,1.137,1.068,1.127,94596620
20170829,1.123,1.13,1.113,1.115,41914400
20170830,1.115,1.144,1.113,1.116,70855700
20170831,1.12,1.133,1.117,1.129,58484300
20170901,1.13,1.142,1.128,1.136,32780500
20170904,1.136,1.141,1.126,1.133,29251000
20170905,1.132,1.141,1.128,1.131,23571500
20170906,1.127,1.131,1.112,1.125,35737600
20170907,1.124,1.135,1.111,1.114,32762700
20170908,1.114,1.117,1.103,1.107,35473220
20170911,1.103,1.117,1.102,1.11,28712720
20170912,1.113,1.136,1.112,1.12,66110120
20170913,1.119,1.124,1.112,1.117,17331132
20170914,1.118,1.13,1.112,1.115,27703000
20170915,1.113,1.124,1.106,1.118,46920000
20170918,1.116,1.138,1.116,1.131,47041800
20170919,1.134,1.134,1.109,1.114,28338000
20170920,1.114,1.118,1.109,1.116,16164300
20170921,1.116,1.129,1.113,1.114,25216700
20170922,1.11,1.114,1.098,1.11,31412215
20170925,1.108,1.108,1.098,1.102,19167620
20170926,1.101,1.105,1.1,1.103,13508895
20170927,1.103,1.106,1.101,1.101,13818600
20170928,1.103,1.104,1.098,1.1,11665000
20170929,1.102,1.119,1.101,1.112,21782400
20171009,1.138,1.14,1.111,1.112,19500900
20171010,1.113,1.115,1.1,1.111,21463800
20171011,1.11,1.112,1.104,1.104,9837500
20171012,1.104,1.109,1.098,1.1,15265100
20171013,1.102,1.105,1.099,1.104,17156181
20171016,1.104,1.111,1.095,1.096,25687800
20171017,1.095,1.096,1.084,1.086,21640100
20171018,1.088,1.092,1.083,1.085,18867500
20171019,1.085,1.086,1.059,1.065,44880748
20171020,1.063,1.068,1.061,1.067,12872748
20171023,1.066,1.068,1.059,1.062,16734600
20171024,1.061,1.074,1.06,1.071,35243200
20171025,1.071,1.076,1.067,1.072,12098400
20171026,1.07,1.087,1.068,1.076,29030100
20171027,1.076,1.079,1.064,1.066,23121300
20171030,1.065,1.065,1.027,1.041,66748553
20171031,1.039,1.04,1.03,1.035,15782253
20171101,1.034,1.043,1.028,1.029,35132300
20171102,1.03,1.042,1.021,1.033,54762960
20171103,1.03,1.032,1.021,1.031,41213119
20171106,1.028,1.031,1.022,1.03,17005684
20171107,1.03,1.048,1.029,1.044,45666500
20171108,1.044,1.084,1.04,1.062,73245395
20171109,1.061,1.068,1.057,1.064,12221100
20171110,1.065,1.072,1.056,1.066,34336700
20171113,1.065,1.077,1.059,1.06,25427884
20171114,1.058,1.061,1.047,1.05,39358600
20171115,1.05,1.055,1.043,1.046,24286500
20171116,1.045,1.045,1.027,1.028,50715600
20171117,1.029,1.039,1.02,1.036,71494900
20171120,1.031,1.031,1.012,1.021,69834600
20171121,1.024,1.076,1.022,1.062,206241300
20171122,1.06,1.078,1.058,1.065,82609884
20171123,1.065,1.079,1.036,1.04,44462100
20171124,1.036,1.043,1.03,1.042,41044110
20171127,1.039,1.05,1.031,1.04,83299247
20171128,1.04,1.044,1.032,1.043,30952000
20171129,1.043,1.044,1.027,1.041,43494500
20171130,1.039,1.059,1.034,1.039,51115562
20171201,1.038,1.045,1.034,1.036,43480400
20171204,1.035,1.036,1.022,1.026,42418900
20171205,1.024,1.041,1.024,1.036,70374200
20171206,1.035,1.037,1.024,1.037,19759600
20171207,1.034,1.036,1.021,1.022,36800200
20171208,1.023,1.027,1.019,1.021,28824400
20171211,1.021,1.025,1.017,1.023,45169500
20171212,1.022,1.023,1.004,1.004,58915800
20171213,1.004,1.01,0.999,1.006,33476700
20171214,1.006,1.008,0.988,0.991,72698000
20171215,0.99,0.991,0.979,0.982,59294600
20171218,0.982,0.988,0.975,0.977,32302800
20171219,0.981,0.984,0.978,0.98,40929000
20171220,0.982,0.982,0.962,0.967,87133600
20171221,0.967,0.98,0.96,0.973,71668900
20171222,0.973,0.974,0.963,0.964,25082400
20171225,0.964,0.966,0.95,0.951,42163600
20171226,0.951,0.96,0.95,0.957,40472143
20171227,0.958,0.958,0.944,0.947,31936610
20171228,0.946,0.965,0.942,0.953,39446900
20171229,0.954,0.958,0.95,0.953,32832500
20180102,0.956,0.969,0.953,0.966,45872410
20180103,0.967,0.986,0.965,0.981,59023210
20180104,0.981,0.983,0.974,0.98,29521600
20180105,0.978,0.99,0.975,0.983,43998310
20180108,0.983,1.017,0.981,1.004,85643620
20180109,1.003,1.009,0.993,0.996,37270810
20180110,0.997,1.005,0.985,0.993,64368100
20180111,0.991,0.992,0.983,0.989,40617200
20180112,0.989,0.998,0.985,0.986,41740400
20180115,0.987,0.988,0.969,0.97,66571700
20180116,0.969,0.995,0.967,0.991,54058930
20180117,0.998,1.052,0.997,1.027,200679124
20180118,1.028,1.043,1.022,1.033,52498230
20180119,1.03,1.077,1.03,1.061,93975800
20180122,1.056,1.066,1.045,1.057,59195900
20180123,1.062,1.072,1.051,1.061,78280900
20180124,1.067,1.104,1.054,1.099,159088857
20180125,1.091,1.095,1.076,1.077,75227872
20180126,1.076,1.09,1.075,1.078,73054500
20180129,1.081,1.087,1.057,1.06,69837192
20180130,1.061,1.066,1.044,1.046,49340400
20180131,1.043,1.044,1.015,1.023,93257000
20180201,1.025,1.031,1,1.013,77087100
20180202,1.01,1.013,0.991,1.01,67617400
20180205,0.994,1.02,0.991,1.014,55918900
20180206,0.997,1.003,0.965,0.967,83623400
20180207,0.984,0.99,0.954,0.956,90347188
20180208,0.954,0.963,0.945,0.951,79462098
20180209,0.931,0.935,0.868,0.881,143747800
20180212,0.886,0.89,0.876,0.877,80250000
20180213,0.886,0.903,0.885,0.887,84063252
20180214,0.888,0.889,0.878,0.885,48295100
20180222,0.895,0.901,0.889,0.893,60213900
20180223,0.894,0.907,0.892,0.9,72330800
20180226,0.906,0.929,0.897,0.921,88619200
20180227,0.923,0.924,0.908,0.913,49713600
20180228,0.902,0.919,0.894,0.906,115726800
20180301,0.9,0.911,0.897,0.909,57826900
20180302,0.902,0.91,0.899,0.9,58065400
20180305,0.9,0.906,0.897,0.9,40693076
20180306,0.906,0.923,0.902,0.918,113391476
20180307,0.918,0.923,0.907,0.908,63234233
20180308,0.91,0.915,0.907,0.911,33382900
20180309,0.913,0.93,0.911,0.926,106561176
20180312,0.934,0.947,0.929,0.941,94092600
20180313,0.94,0.94,0.924,0.925,57717300
20180314,0.92,0.929,0.917,0.918,48084200
20180315,0.917,0.92,0.91,0.915,71174400
20180316,0.915,0.921,0.904,0.904,72365100
20180319,0.906,0.912,0.899,0.905,48696400
20180320,0.898,0.908,0.896,0.904,56883900
20180321,0.906,0.928,0.905,0.908,127467400
20180322,0.908,0.92,0.904,0.906,75155500
20180323,0.88,0.886,0.843,0.856,153828700
20180326,0.849,0.864,0.841,0.863,67737100
20180327,0.872,0.879,0.868,0.875,64661300
20180328,0.866,0.877,0.86,0.864,46203575
20180329,0.87,0.887,0.865,0.885,71116400
20180330,0.889,0.893,0.884,0.889,49982300
20180402,0.893,0.916,0.889,0.9,96656999
20180403,0.89,0.908,0.886,0.9,86287499
20180404,0.902,0.911,0.891,0.891,67458399
20180409,0.889,0.899,0.885,0.896,62757799
20180410,0.899,0.915,0.896,0.912,97425900
20180411,0.911,0.915,0.905,0.905,65994000
20180412,0.906,0.914,0.897,0.899,72344000
20180413,0.904,0.908,0.89,0.89,52561000
20180416,0.885,0.89,0.869,0.87,79520800
20180417,0.871,0.888,0.87,0.871,106751200
20180418,0.88,0.885,0.872,0.882,73753500
20180419,0.884,0.896,0.882,0.887,60140100
20180420,0.886,0.886,0.857,0.858,84737700
20180423,0.86,0.87,0.859,0.867,62493700
20180424,0.867,0.89,0.867,0.89,84528300
20180425,0.885,0.888,0.882,0.884,42290400
20180426,0.885,0.888,0.864,0.866,49397100
20180427,0.871,0.885,0.868,0.878,51471066
20180502,0.889,0.893,0.879,0.882,58162700
20180503,0.881,0.907,0.88,0.904,107051800
20180504,0.903,0.905,0.895,0.896,70499900
20180507,0.903,0.909,0.901,0.907,66748300
20180508,0.908,0.912,0.901,0.912,77578600
20180509,0.908,0.909,0.899,0.901,76516500
20180510,0.903,0.907,0.899,0.906,76279100
20180511,0.907,0.909,0.895,0.896,47744200
20180514,0.896,0.904,0.896,0.898,42745200
20180515,0.899,0.901,0.888,0.897,58862068
20180516,0.893,0.894,0.885,0.886,68741668
20180517,0.886,0.888,0.876,0.878,67482200
20180518,0.879,0.89,0.878,0.889,65540427
20180521,0.894,0.901,0.893,0.896,63785127
20180522,0.897,0.897,0.884,0.889,88739092
20180523,0.887,0.889,0.878,0.879,61673611
20180524,0.88,0.882,0.871,0.872,54625700
20180525,0.872,0.875,0.864,0.865,63072447
20180528,0.865,0.87,0.86,0.864,52407832
20180529,0.863,0.864,0.848,0.848,80615132
20180530,0.841,0.843,0.817,0.819,126436300
20180531,0.825,0.83,0.82,0.829,51071300
20180601,0.826,0.844,0.822,0.834,85121710
20180604,0.835,0.838,0.83,0.831,34024210
20180605,0.832,0.835,0.823,0.835,68255032
20180606,0.832,0.838,0.826,0.833,88821300
20180607,0.836,0.851,0.834,0.838,102139832
20180608,0.835,0.837,0.814,0.819,105201300
20180611,0.816,0.826,0.814,0.822,46675900
20180612,0.822,0.825,0.815,0.824,43609088
20180613,0.822,0.823,0.81,0.81,64441200
20180614,0.81,0.821,0.808,0.814,70101032
20180615,0.814,0.818,0.804,0.807,87182915
20180619,0.8,0.8,0.737,0.747,227387900
20180620,0.746,0.754,0.733,0.747,106429100
20180621,0.748,0.749,0.722,0.722,119473000
20180622,0.72,0.735,0.716,0.734,89782100
20180625,0.739,0.739,0.724,0.725,62588800
20180626,0.717,0.736,0.716,0.732,55192673
20180627,0.73,0.733,0.72,0.727,54559241
20180628,0.726,0.752,0.724,0.734,100443041
20180629,0.735,0.755,0.734,0.752,77975800
20180702,0.75,0.75,0.726,0.733,93477300
20180703,0.733,0.744,0.728,0.744,82223200
20180704,0.743,0.743,0.731,0.733,57497700
20180705,0.734,0.743,0.724,0.724,67540800
20180706,0.724,0.742,0.712,0.732,118722600
20180709,0.732,0.744,0.73,0.744,81779493
20180710,0.745,0.746,0.737,0.743,60366800
20180711,0.73,0.73,0.714,0.72,101918600
20180712,0.722,0.746,0.72,0.741,112774600
20180713,0.742,0.743,0.736,0.739,54103400
20180716,0.743,0.744,0.734,0.737,59974900
20180717,0.737,0.737,0.727,0.732,84735200
20180718,0.733,0.738,0.726,0.727,57296100
20180719,0.727,0.733,0.721,0.724,55108900
20180720,0.723,0.75,0.721,0.746,132911200
20180723,0.741,0.76,0.738,0.757,164094000
20180724,0.756,0.78,0.755,0.771,152346700
20180725,0.771,0.771,0.762,0.764,92107600
20180726,0.765,0.769,0.757,0.76,58433700
20180727,0.757,0.762,0.753,0.754,57100400
20180730,0.754,0.76,0.747,0.75,71174500
20180731,0.749,0.755,0.747,0.752,40698000
20180801,0.753,0.76,0.735,0.737,68944400
20180802,0.735,0.735,0.706,0.714,143698100
20180803,0.713,0.719,0.707,0.708,53084934
20180806,0.71,0.718,0.698,0.701,101481434
20180807,0.702,0.722,0.7,0.721,80372034
20180808,0.719,0.719,0.709,0.709,55653000
20180809,0.709,0.726,0.707,0.724,70782500
20180810,0.722,0.726,0.717,0.724,37966800
20180813,0.717,0.722,0.71,0.721,89218500
20180814,0.718,0.721,0.715,0.716,45350000
20180815,0.717,0.718,0.703,0.703,70933200
20180816,0.698,0.722,0.694,0.711,126044678
20180817,0.715,0.719,0.702,0.704,71722034
20180820,0.705,0.715,0.703,0.714,49607000
20180821,0.715,0.723,0.712,0.72,63175300
20180822,0.719,0.719,0.714,0.716,31593800
20180823,0.716,0.727,0.712,0.722,61082800
20180824,0.72,0.732,0.716,0.725,55422500
20180827,0.726,0.736,0.725,0.735,65603400
20180828,0.734,0.737,0.729,0.732,51089600
20180829,0.73,0.731,0.724,0.726,58936500
20180830,0.724,0.728,0.716,0.717,62262100
20180831,0.716,0.722,0.714,0.717,55975200
20180903,0.717,0.719,0.71,0.717,48576200
20180904,0.717,0.725,0.713,0.723,119764400
20180905,0.721,0.722,0.711,0.712,74087000
20180906,0.71,0.715,0.708,0.709,44840400
20180907,0.71,0.719,0.707,0.711,67804000
20180910,0.708,0.709,0.688,0.688,122783100
20180911,0.689,0.696,0.687,0.692,72043132
20180912,0.691,0.701,0.69,0.695,94639900
20180913,0.701,0.706,0.697,0.704,63402300
20180914,0.706,0.707,0.699,0.7,73505885
20180917,0.697,0.703,0.695,0.698,40994227
20180918,0.699,0.712,0.697,0.711,86292542
20180919,0.71,0.721,0.709,0.716,74681974
20180920,0.717,0.72,0.713,0.715,47769148
20180921,0.715,0.732,0.712,0.732,85411526
20180925,0.724,0.727,0.72,0.724,55150206
20180926,0.725,0.735,0.722,0.726,95100800
20180927,0.724,0.727,0.721,0.722,41987500
20180928,0.723,0.731,0.723,0.729,78842580
20181008,0.717,0.72,0.7,0.702,104569328
20181009,0.702,0.706,0.698,0.7,58273700
20181010,0.7,0.705,0.698,0.702,47513000
20181011,0.687,0.687,0.644,0.649,215828231
20181012,0.649,0.65,0.631,0.64,202300500
20181015,0.642,0.646,0.63,0.631,105596000
20181016,0.633,0.642,0.622,0.624,102981200
20181017,0.633,0.637,0.622,0.633,95289400
20181018,0.632,0.634,0.622,0.623,108305700
20181019,0.613,0.645,0.613,0.641,149419900
20181022,0.651,0.705,0.651,0.705,270374908
20181023,0.734,0.738,0.697,0.706,333156074
20181024,0.693,0.743,0.692,0.722,293982504
20181025,0.696,0.752,0.693,0.75,346162086
20181026,0.751,0.752,0.725,0.73,243175610
20181029,0.729,0.741,0.717,0.723,143721100
20181030,0.723,0.778,0.714,0.761,310666100
20181031,0.754,0.763,0.739,0.752,238508180
20181101,0.758,0.799,0.756,0.759,335566472
20181102,0.782,0.796,0.763,0.778,231941590
20181105,0.773,0.781,0.762,0.778,241538500
20181106,0.775,0.788,0.764,0.771,246025590
20181107,0.768,0.77,0.755,0.759,208600279
20181108,0.765,0.768,0.743,0.744,263038700
20181109,0.741,0.755,0.739,0.745,150919470
20181112,0.748,0.761,0.744,0.759,149214555
20181113,0.75,0.794,0.749,0.781,360448807
20181114,0.776,0.784,0.765,0.767,331307430
20181115,0.766,0.792,0.765,0.79,346050511
20181116,0.791,0.828,0.787,0.81,505851950
20181119,0.804,0.842,0.804,0.834,480735592
20181120,0.826,0.834,0.794,0.795,302727069
20181121,0.788,0.805,0.782,0.798,491227413
20181122,0.801,0.803,0.777,0.789,249348013
20181123,0.789,0.797,0.76,0.764,264053109
20181126,0.764,0.773,0.754,0.761,172796300
20181127,0.766,0.772,0.757,0.765,167524270
20181128,0.761,0.786,0.759,0.785,343660600
20181129,0.788,0.794,0.756,0.759,264783600
20181130,0.755,0.772,0.748,0.769,242846428
20181203,0.804,0.812,0.788,0.794,435234868
20181204,0.79,0.8,0.787,0.798,195846347
20181205,0.786,0.798,0.784,0.791,210420068
20181206,0.781,0.782,0.765,0.768,225642615
20181207,0.773,0.778,0.769,0.771,142273800
20181210,0.765,0.768,0.755,0.76,139176063
20181211,0.763,0.766,0.758,0.764,100248733
20181212,0.767,0.777,0.764,0.766,154668833
20181213,0.767,0.783,0.76,0.775,189591623
20181214,0.772,0.774,0.751,0.752,181094300
20181217,0.751,0.759,0.745,0.757,158067368
20181218,0.753,0.758,0.74,0.742,202848200
20181219,0.745,0.747,0.735,0.736,113786500
20181220,0.735,0.748,0.73,0.743,285979098
20181221,0.74,0.742,0.723,0.729,191643300
20181224,0.727,0.733,0.72,0.725,136930600
20181225,0.717,0.717,0.695,0.708,184594900
20181226,0.707,0.712,0.7,0.703,87383215
20181227,0.716,0.717,0.7,0.7,124098600
20181228,0.705,0.725,0.705,0.717,208270353
20190102,0.719,0.719,0.708,0.714,97459200
20190103,0.712,0.745,0.712,0.729,231008800
20190104,0.722,0.795,0.722,0.784,649016408
20190107,0.784,0.791,0.774,0.781,467941765
20190108,0.779,0.794,0.771,0.782,300431625
20190109,0.785,0.799,0.78,0.786,430922306
20190110,0.785,0.788,0.771,0.773,293292721
20190111,0.775,0.788,0.772,0.779,288377521
20190114,0.785,0.788,0.775,0.777,137840391
20190115,0.777,0.803,0.776,0.798,362328131
20190116,0.797,0.798,0.785,0.789,206989260
20190117,0.791,0.796,0.78,0.781,193915464
20190118,0.782,0.793,0.78,0.791,149039300
20190121,0.792,0.798,0.782,0.787,247123423
20190122,0.783,0.788,0.772,0.774,159001900
20190123,0.773,0.779,0.77,0.773,108533300
20190124,0.775,0.795,0.774,0.786,273148000
20190125,0.784,0.792,0.783,0.785,186449800
20190128,0.791,0.8,0.777,0.78,219571558
20190129,0.778,0.78,0.76,0.774,217151449
20190130,0.77,0.776,0.763,0.764,143924700
20190131,0.768,0.782,0.767,0.773,253447546
20190201,0.784,0.795,0.782,0.794,272367981
20190211,0.797,0.809,0.786,0.808,223231756
20190212,0.807,0.819,0.801,0.814,232790056
20190213,0.813,0.843,0.807,0.841,521779400
20190214,0.838,0.845,0.832,0.84,316094600
20190215,0.835,0.84,0.817,0.82,405842991
20190218,0.829,0.871,0.829,0.868,576965500
20190219,0.872,0.902,0.862,0.875,838405061
20190220,0.874,0.888,0.866,0.878,513622474
20190221,0.873,0.917,0.866,0.883,705490118
20190222,0.891,0.971,0.88,0.971,1192371086
20190225,1.022,1.068,1.002,1.068,1417410138
20190226,1.085,1.119,1.04,1.044,1738491617
20190227,1.035,1.073,1.01,1.036,1149234983
20190228,1.027,1.029,0.99,1.004,1066938272
20190301,1.013,1.047,0.997,1.038,1053956538
20190304,1.05,1.101,1.018,1.044,1221807768
20190305,1.028,1.048,1.025,1.043,675774389
20190306,1.045,1.129,1.04,1.102,1125440860
20190307,1.111,1.185,1.09,1.153,1340284179
20190308,1.08,1.113,1.039,1.04,1364251344
20190311,1.041,1.075,1.015,1.056,1075224256
20190312,1.067,1.098,1.057,1.071,981797869
20190313,1.071,1.076,1.036,1.05,849551172
20190314,1.038,1.057,1.003,1.014,858049954
20190315,1.026,1.048,1.015,1.029,755904147
20190318,1.029,1.056,1.008,1.054,746204716
20190319,1.055,1.059,1.036,1.042,567694881
20190320,1.039,1.071,1.034,1.061,826397600
20190321,1.062,1.099,1.049,1.071,992549422
20190322,1.067,1.076,1.042,1.061,734014027
20190325,1.04,1.054,1.018,1.022,631737266
20190326,1.029,1.032,0.983,0.989,870977884
20190327,0.999,1.006,0.986,0.995,700439356
20190328,0.987,1.009,0.977,0.988,679374338
20190329,0.992,1.08,0.991,1.077,1379225097
20190401,1.079,1.106,1.058,1.088,1429697323
20190402,1.09,1.111,1.075,1.081,1024640866
20190403,1.075,1.142,1.069,1.136,1516277214
20190404,1.141,1.151,1.12,1.138,1114083973
20190408,1.145,1.153,1.092,1.114,1025025633
20190409,1.11,1.128,1.09,1.113,827732007
20190410,1.111,1.117,1.071,1.094,1012882975
20190411,1.088,1.095,1.07,1.073,728909051
20190412,1.07,1.089,1.067,1.077,702628915
20190415,1.101,1.108,1.05,1.053,742338525
20190416,1.045,1.083,1.032,1.082,970020644
20190417,1.076,1.086,1.069,1.074,561670834
20190418,1.071,1.081,1.062,1.065,365859824
20190419,1.069,1.085,1.064,1.08,512105069
20190422,1.092,1.096,1.048,1.052,592416443
20190423,1.047,1.083,1.042,1.059,642089530
20190424,1.058,1.072,1.052,1.069,517370209
20190425,1.064,1.08,1.035,1.036,682368186
20190426,1.03,1.061,1.028,1.045,759932037
20190429,1.043,1.045,0.996,1,1308209059
20190430,1.001,1.013,0.999,1.004,449031791
20190506,0.952,0.966,0.904,0.905,972255679
20190507,0.916,0.928,0.895,0.923,809280913
20190508,0.905,0.926,0.898,0.91,540320592
20190509,0.9,0.916,0.896,0.896,563096176
20190510,0.911,0.94,0.895,0.938,978905213
20190513,0.921,0.927,0.912,0.916,351290680
20190514,0.907,0.925,0.905,0.907,433085406
20190515,0.915,0.925,0.912,0.921,431194910
20190516,0.918,0.926,0.913,0.925,337413914
20190517,0.925,0.93,0.877,0.885,708300219
20190520,0.881,0.905,0.876,0.893,535848721
20190521,0.89,0.915,0.889,0.906,425739983
20190522,0.908,0.91,0.891,0.896,295694270
20190523,0.891,0.911,0.887,0.894,415671287
20190524,0.894,0.904,0.89,0.894,250437196
20190527,0.894,0.924,0.89,0.92,621177351
20190528,0.916,0.929,0.91,0.916,421097313
20190529,0.912,0.928,0.91,0.917,374740400
20190530,0.912,0.913,0.897,0.904,387306593
20190531,0.902,0.911,0.899,0.899,318869300
20190603,0.906,0.918,0.896,0.899,413632114
20190604,0.898,0.9,0.89,0.895,345870600
20190605,0.906,0.916,0.9,0.904,501089530
20190606,0.902,0.911,0.893,0.895,481250495
20190610,0.895,0.897,0.864,0.883,535301313
20190611,0.883,0.933,0.882,0.931,1008049124
20190612,0.925,0.932,0.916,0.916,514311441
20190613,0.917,0.932,0.915,0.925,552263164
20190614,0.924,0.929,0.905,0.906,436285446
20190617,0.906,0.917,0.904,0.912,322198942
20190618,0.913,0.916,0.901,0.912,306301699
20190619,0.965,0.976,0.93,0.931,991921491
20190620,0.931,1.008,0.928,0.988,1554212041
20190621,0.997,1.011,0.989,1.001,1148073386
20190624,1.015,1.017,0.993,0.998,636824981
20190625,0.995,1.006,0.971,0.999,946220415
20190626,0.98,0.989,0.971,0.978,546230362
20190627,0.983,1.009,0.982,0.991,864776106
20190628,0.99,0.995,0.98,0.99,585660210
20190701,1.021,1.025,1.007,1.012,917644020
20190702,1.011,1.011,0.999,1.002,521904344
